Nom du Produit en Français (traduction approximative GoogleTranslate)	LCI Name	Catégorie	Score unique EF3.1	Changement climatique	Appauvrissement de la couche d'ozone 	Rayonnements ionisants 	Formation photochimique d'ozone 	Particules 	Effets toxicologiques sur la santé humaine : substances non-cancérogènes*	Effets toxicologiques sur la santé humaine : substances cancérogènes*	Acidification terrestre et eaux douces	Eutrophisation eaux douces 	Eutrophisation marine 	Eutrophisation terreste	Écotoxicité pour écosystèmes aquatiques d'eau douce	Utilisation du sol	Épuisement des ressources eau	Épuisement des ressources énergétiques	Épuisement des ressources minéraux
Agneau système de production conventionnel, intérieur, à la ferme/FR U	Lamb, conventional, indoor production system, at farm gate/FR U	Agricultural\Animal production\Ovine\Transformation	1,862	16,26	3,81E-07	3,84E-01	2,58E-02	1,97E-06	3,15E-07	8,67E-09	2,92E-01	1,08E-03	6,34E-02	1,29E+00	7,53E+01	1,77E+03	5,03E+00	3,64E+01	2,36E-05
Agneau, conventionnel, système Roquefort, à la ferme/FR U	Lamb, conventional, Roquefort system, at farm gate/FR U	Agricultural\Animal production\Ovine\Transformation	0,585	4,34	1,09E-07	2,27E-01	5,95E-03	7,18E-07	5,79E-08	1,95E-09	1,05E-01	2,36E-04	2,16E-02	4,66E-01	1,59E+01	5,08E+02	6,91E-01	1,28E+01	6,26E-06
Algue production non optimisée, 1 kg d'algues (Laminaria), poids frais/FR U	Seaweed non-optimized production, 1kg algae (Laminaria), fresh weight/FR U	Agricultural\Plant production\Other\Transformation	0,124	0,85	1,51E-07	1,7E-01	5,21E-03	1,17E-07	1,06E-08	9,6E-10	1,64E-02	2,69E-04	1,66E-03	1,62E-02	7,71E+00	2,94E+00	4,98E-01	1,55E+01	1,41E-05
Algue production optimisée, 1 kg d'algues (Laminaria), poids frais/FR U	Optimized seaweed production, 1kg algae (Laminaria), fresh weight/FR U	Agricultural\Plant production\Other\Transformation	0,012	0,10	8,73E-09	2,49E-02	7,04E-04	8,76E-09	5,71E-10	1,32E-10	1E-03	2,1E-05	2,53E-04	2,43E-03	2,86E-01	2,87E-01	5,74E-02	2,1E+00	4,61E-07
Ananas, la production mixte, moyenne île de la Réunion, sur le site de production/RE U	Pineapple, mixed production, Reunion Island average, at production site/RE U	Agricultural\Plant production\Fruits\Transformation	0,094	0,87	3,08E-08	2,03E-02	2,29E-03	1,15E-07	1,8E-09	9,5E-11	1,03E-02	2,23E-05	6,68E-03	6,97E-02	2,69E+00	2,58E+01	5,45E-01	2,9E+00	1,26E-06
Anchois européenne, la CEA, la Seine, moyenne, au débarquement/MA U	European Anchovy, ECA, Seine, average, at landing/MA U	Agricultural\Animal production\Fish\Transformation	0,092	0,44	9,59E-08	2,74E-02	1,02E-02	1,12E-07	4,03E-09	3,32E-10	1,49E-02	2,92E-05	3,57E-03	3,9E-02	2,2E+00	1,54E+00	2,22E-02	6,1E+00	7,98E-06
Avoine, moyenne nationale, alimentation animale, à la ferme/FR U	Oat grain, national average, animal feed, at farm gate/FR U	Agricultural\Plant production\Cereals\Transformation	0,081	0,55	2,75E-08	1,14E-02	1,59E-03	5,98E-08	1,47E-08	1,05E-09	9,38E-03	1,74E-04	7,07E-03	4,15E-02	7,46E+00	1,03E+02	1,22E-01	2,46E+00	1,87E-06
Banane conventionnelle Antilles, à la ferme WI/U	Banana, mixed production, West Indies, at farm gate/WI U	Agricultural\Plant production\Fruits\Transformation	0,049	0,22	2,17E-08	1,26E-02	6,56E-04	5,59E-08	2,91E-09	7,81E-11	7,31E-03	2,32E-05	4,35E-04	3,37E-02	8,69E+00	1,74E+01	9,99E-01	2,14E+00	1,92E-06
Bar ou daurade, 200-500g, conventionnel, en cage, à la ferme/FR U	Sea bass or sea bream, 200-500g, conventional, in cage, at farm gate/FR U	Agricultural\Animal production\Fish\Transformation	0,756	4,80	6,35E-07	5,58E-01	2,26E-02	2,71E-07	1,13E-07	1,91E-09	2,48E-02	5,05E-04	2,32E-01	9,07E-02	4,9E+01	1,09E+02	1,07E+00	6,28E+01	5,68E-06
Betterave pour du jus, conventionnel, à la ferme/FR U	Beetroot for juice, conventional, at farm gate/FR U	Agricultural\Plant production\Vegetables\Transformation	0,024	0,10	9,96E-09	5,15E-03	3,82E-04	6,2E-09	3,02E-09	1,07E-10	9,28E-04	1,65E-05	5,26E-04	3,48E-03	2,62E+00	2,46E+00	1,73E+00	1,03E+00	1,14E-06
Betteraves, moyen conventionnel, national, alimentation animale, à la ferme/FR U	Sugar beet roots, conventional, national average, animal feed, at farm gate, production/FR U	Agricultural\Plant production\Roots and tubers\Transformation	0,007	0,04	2,12E-09	1,82E-03	1,19E-04	4,02E-09	2,64E-09	6,43E-11	6E-04	9,36E-06	2,95E-04	2,69E-03	2,28E+00	7,46E+00	6,96E-02	1,99E-01	1,77E-07
Blé dur, conventionnel, moyenne nationale, à la ferme/FR U	Durum wheat grain, conventional, national average, at farm gate/FR U	Agricultural\Plant production\Cereals\Transformation	0,103	0,73	4E-08	3,66E-02	2,1E-03	5,57E-08	7,94E-09	1,37E-09	9,02E-03	2,38E-04	7,7E-03	3,96E-02	4,94E+00	1,01E+02	1,84E+00	4,12E+00	2,97E-06
Blé tendre, conventionnel, améliorant protéine, 15% d'humidité, à la ferme/FR U	Soft wheat grain, conventional, protein improved quality, 15% moisture, at farm gate/FR U	Agricultural\Plant production\Cereals\Transformation	0,092	0,64	3,62E-08	2,77E-02	1,94E-03	5,91E-08	1,3E-08	1,12E-09	9,45E-03	1,5E-04	6,24E-03	4,16E-02	1,03E+01	7,51E+01	1,26E+00	3,56E+00	2,68E-06
Blé tendre, conventionnel, moyenne nationale, alimentation animale, à la ferme/FR U	Soft wheat grain, conventional, national average, animal feed, at farm gate, production/FR U	Agricultural\Plant production\Cereals\Transformation	0,066	0,47	2,68E-08	1,23E-02	1,41E-03	4,82E-08	6,05E-09	8,1E-10	7,59E-03	1,11E-04	5,15E-03	3,3E-02	9,79E+00	6,72E+01	2,2E-01	2,38E+00	2,17E-06
Blé tendre, conventionnel, panifiable, 15% d'humidité, à la ferme/FR U	Soft wheat grain, conventional, breadmaking quality, 15% moisture, at farm gate/FR U	Agricultural\Plant production\Cereals\Transformation	0,066	0,47	2,68E-08	1,23E-02	1,41E-03	4,82E-08	6,05E-09	8,11E-10	7,6E-03	1,11E-04	5,16E-03	3,3E-02	9,8E+00	6,73E+01	2,21E-01	2,38E+00	2,18E-06
Blé tendre, moyenne à partir de 11 cas d'études optimisés, levier culture intermédiaire systématique du scénario, à la ferme/FR U	Soft wheat grain, average from 11 optimized case study, scenario systematic cover cropping, at farm gate/FR U	Agricultural\Plant production\Cereals\Transformation	0,063	0,44	2,61E-08	1,25E-02	1,33E-03	4,98E-08	1,23E-08	7,09E-10	7,76E-03	9,51E-05	4,06E-03	3,4E-02	4,9E+00	5,99E+01	3,03E-01	2,32E+00	1,66E-06
Blé tendre, moyenne à partir de 11 cas d'études optimisés, levier légumineuse dans rotation, à la ferme/FR U	Soft wheat grain, average from 11 optimized case study, scenario protein crop, at farm gate/FR U	Agricultural\Plant production\Cereals\Transformation	0,061	0,43	2,37E-08	1,14E-02	1,19E-03	4,49E-08	1,11E-08	6,86E-10	6,99E-03	9,12E-05	5E-03	3,06E-02	4,92E+00	6,91E+01	2,86E-01	2,09E+00	1,51E-06
Blé tendre, moyenne à partir de 11 cas d'études optimisés, scénario de base, à la ferme/FR U	Soft wheat grain, average from 11 optimized case study, basis scenario,at farm gate/FR U	Agricultural\Plant production\Cereals\Transformation	0,063	0,44	2,52E-08	1,2E-02	1,28E-03	4,93E-08	1,15E-08	5,88E-10	7,66E-03	9,48E-05	4,94E-03	3,36E-02	3,56E+00	5,99E+01	3,03E-01	2,25E+00	1,63E-06
Boeuf, moyenne nationale, à la ferme/FR U	Beef cattle, national average, at farm gate/FR U	Agricultural\Animal production\Bovine\Transformation	1,349	13,93	3E-07	3,61E-01	2,02E-02	1,31E-06	2,7E-07	6,74E-09	1,95E-01	8,08E-04	4,41E-02	8,63E-01	6,69E+01	9,99E+02	2,88E+00	2,98E+01	2,43E-05
Brebis de réforme, conventionnel, intérieur, à la ferme/FR U	Cull ewe, conventional, indoor production system, at farm gate/FR U	Agricultural\Animal production\Ovine\Transformation	1,908	18,15	3,78E-07	2,9E-01	2,65E-02	1,98E-06	3,04E-07	8,74E-09	2,94E-01	9,97E-04	7,11E-02	1,3E+00	6,58E+01	1,78E+03	2,45E+00	3,47E+01	2,59E-05
Brebis de réforme, conventionnel, système Roquefort , à la ferme/FR U	Cull ewe, conventional, Roquefort system, at farm gate/FR U	Agricultural\Animal production\Ovine\Transformation	0,993	7,01	2,13E-07	2,72E-01	1,21E-02	1,21E-06	1,24E-07	4,42E-09	1,77E-01	6,35E-04	2,97E-02	7,83E-01	4,13E+01	7,61E+02	2,97E+00	2,28E+01	1,56E-05
Canard à rôtir,  conventionnel, à la ferme/FR U	Duck for roasting, conventional, at farm gate/FR U	Agricultural\Animal production\Avian\Transformation	0,564	3,47	1,51E-07	2,22E-01	8,3E-03	6,5E-07	7,35E-08	3,54E-09	9,38E-02	7,3E-04	1,91E-02	4,11E-01	7,69E+01	2,34E+02	3,44E+00	1,72E+01	1,1E-05
Canard Engraissement,  conventionnel, à la ferme/FR U	Fattening duck, conventional, at farm gate/FR U	Agricultural\Animal production\Avian\Transformation	0,740	4,42	2,12E-07	6,39E-01	1,09E-02	7,2E-07	1,09E-07	5,1E-09	1,03E-01	9,72E-04	3,04E-02	4,53E-01	1,14E+02	3,4E+02	8,43E+00	2,97E+01	1,67E-05
Carotte conventionnelle, moyenne nationale, à la ferme/FR U	Carrot, conventional, national average, at farm gate/FR U	Agricultural\Plant production\Vegetables\Transformation	0,027	0,07	7,99E-09	2,4E-02	3,37E-04	6,4E-09	6,01E-09	1,22E-10	9,94E-04	2,37E-05	8,8E-04	3,04E-03	1,33E+01	6,28E+00	1,57E+00	1,17E+00	1,01E-06
Carotte, conventionnel, early, Aquitaine, à la ferme/FR U	Carrot, conventional, early, Aquitaine, at farm gate/FR U	Agricultural\Plant production\Vegetables\Transformation	0,037	0,08	7,11E-09	3,5E-02	3,23E-04	6,82E-09	7,65E-09	1,43E-10	1,02E-03	3,17E-05	1,24E-03	2,49E-03	1,76E+01	6,63E+00	2,35E+00	1,65E+00	1,25E-06
Carotte, conventionnel, fall, Creances, Basse-Normandie, à la ferme/FR U	Carrot, conventional, fall, Creances, Lower Normandie, at farm gate/FR U	Agricultural\Plant production\Vegetables\Transformation	0,010	0,05	6,99E-09	6,56E-03	2,65E-04	3,51E-09	1,11E-09	7,46E-11	5,34E-04	1,49E-05	3,62E-04	2E-03	4,03E+00	6,03E+00	2,68E-01	6,51E-01	5,5E-07
Carotte, conventionnel, fall, Mont St. Michel, Basse-Normandie, à la ferme/FR U	Carrot, conventional, fall, Mont St. Michel, Lower Normandie, at farm gate/FR U	Agricultural\Plant production\Vegetables\Transformation	0,008	0,05	6,47E-09	3,52E-03	2,79E-04	3,19E-09	1,35E-09	6,95E-11	5,33E-04	1,23E-05	4,63E-04	2,12E-03	3,44E+00	5,69E+00	4,34E-02	5,61E-01	4,49E-07
Carotte, conventionnel, fall, Val de Saire, Basse-Normandie, à la ferme/FR U	Carrot, conventional, fall, Val de Saire, Lower Normandie, at farm gate/FR U	Agricultural\Plant production\Vegetables\Transformation	0,008	0,05	6,37E-09	3,73E-03	2,97E-04	3,36E-09	1,26E-09	7,47E-11	5,72E-04	1,34E-05	5,82E-04	2,28E-03	2,74E+00	6,76E+00	4,66E-02	5,2E-01	4,37E-07
Carotte, conventionnel, hiver, Aquitaine, à la ferme/FR U	Carrot, conventional, winter, Aquitaine, at farm gate/FR U	Agricultural\Plant production\Vegetables\Transformation	0,024	0,06	7,83E-09	2,14E-02	3,21E-04	5,36E-09	5,09E-09	1,06E-10	8,76E-04	2,06E-05	3,9E-04	2,62E-03	1,31E+01	5,51E+00	1,43E+00	9,55E-01	9,12E-07
Carotte, conventionnel, hiver, Creances, Basse-Normandie, à la ferme/FR U	Carrot, conventional, winter, Creances, Lower Normandie, at farm gate/FR U	Agricultural\Plant production\Vegetables\Transformation	0,038	0,12	1,81E-08	1,93E-02	7,69E-04	1,62E-08	1,42E-08	1,81E-10	2,56E-03	2,66E-05	2,54E-03	9,15E-03	2,49E+01	6,15E+00	8,75E-01	1,63E+00	1,71E-06
Carotte, conventionnel, hiver, Mont St. Michel, Basse-Normandie, à la ferme/FR U	Carrot, conventional, winter, Mont St. Michel, Lower Normandie, at farm gate/FR U	Agricultural\Plant production\Vegetables\Transformation	0,011	0,06	9,23E-09	4,67E-03	3,88E-04	4,25E-09	5,56E-09	8,43E-11	7,22E-04	1,5E-05	9,01E-04	2,88E-03	5,15E+00	6,13E+00	5,61E-02	7,14E-01	6,01E-07
Carotte, conventionnel, hiver, Val de Saire, Basse-Normandie, à la ferme/FR U	Carrot, conventional, winter, Val de Saire, Lower Normandie, at farm gate/FR U	Agricultural\Plant production\Vegetables\Transformation	0,010	0,06	9,42E-09	4,98E-03	3,87E-04	3,97E-09	1,49E-09	7,64E-11	6,82E-04	1,44E-05	5,9E-04	2,67E-03	5,18E+00	5,04E+00	6,03E-02	7,17E-01	5,8E-07
Carotte, conventionnel, main en saison, Aquitaine, à la ferme/FR U	Carrot, conventional, main season, Aquitaine, at farm gate/FR U	Agricultural\Plant production\Vegetables\Transformation	0,029	0,05	4,85E-09	3,13E-02	1,88E-04	4,38E-09	4,63E-09	1,19E-10	6,56E-04	2,34E-05	3,44E-04	1,74E-03	1,06E+01	6,81E+00	2,29E+00	1,01E+00	8,62E-07
Cerise, conventionnelle,moyenne nationale, au verger/FR U	Cherry, conventional, national average, at orchard/FR U	Agricultural\Plant production\Fruits\Transformation	0,355	0,44	7,88E-08	3,33E-02	4,55E-03	2,08E-08	2,36E-08	9,87E-10	5,19E-03	2,4E-04	2,07E-03	2,23E-02	6,63E+01	7,07E+02	2,83E+01	5,5E+00	2,79E-06
Chanvre, paille, Champagne, à la ferme/FR U	Hemp, straw, ret, Champagne, at farm gate/FR U	Agricultural\Plant production\Cereals\Transformation	0,033	0,15	9,76E-09	4,55E-03	6,61E-04	2,42E-08	2,69E-08	5,33E-10	3,77E-03	8,89E-05	2,63E-03	1,69E-02	8,72E-01	4,35E+01	1,52E-02	7,43E-01	5,74E-07
Chevreau, conventionnel, intensive forage area, à la ferme/FR U	Kid goat, conventional, intensive forage area, at farm gate/FR U	Agricultural\Animal production\Caprine\Transformation	0,380	2,58	9,08E-08	2,23E-01	5,96E-03	4,47E-07	4,45E-08	1,6E-09	6,36E-02	2,9E-04	1,18E-02	2,78E-01	2,14E+01	2,4E+02	2,24E+00	1,2E+01	6,72E-06
Chevrette de réforme, conventionnel, intensive forage area, à la ferme/FR U	Cull goat, conventional, intensive forage area, at farm gate/FR U	Agricultural\Animal production\Caprine\Transformation	1,267	7,61	2,24E-07	5,63E-01	1,6E-02	1,62E-06	1,84E-07	5,27E-09	2,37E-01	6,19E-04	3,32E-02	1,05E+00	7,42E+01	5,82E+02	9,73E+00	2,72E+01	1,46E-05
Chicorée witlode, en saison, conventionnel, refrigerant loss 300%, storage et forcing, à la ferme/FR U	Chicory witloof, season, conventional, refrigerant loss 300%, storage and forcing, at farm gate/FR U	Agricultural\Plant production\Vegetables\Transformation	0,044	0,82	2,01E-07	2,16E-01	2,92E-04	6,71E-09	1,68E-09	1,7E-10	6,31E-04	3,36E-05	1,41E-04	1,58E-03	8,2E+00	4,31E-01	2,61E-01	5,42E+00	2,02E-06
Chou-fleur conventionnel, culture d'été, à la ferme/FR U	Cauliflower, summer, conventional, at farm gate/FR U	Agricultural\Plant production\Vegetables\Transformation	0,032	0,22	2,35E-08	1,35E-02	9,19E-04	1,22E-08	5,47E-09	1,64E-10	1,92E-03	2,3E-05	6,73E-03	8,86E-03	1,99E+00	1,64E+01	2,32E-01	1,68E+00	1,16E-06
Chou-fleur conventionnel, culture d'hiver, à la ferme/FR U	Cauliflower, winter, conventional, at farm gate/FR U	Agricultural\Plant production\Vegetables\Transformation	0,040	0,26	2,55E-08	1,46E-02	1,08E-03	3,23E-08	3,44E-08	4,13E-10	4,24E-03	2,56E-05	3,07E-03	2,12E-02	2,57E+00	2,31E+01	1,9E-02	1,72E+00	1E-06
Chou-fleur conventionnel, moyenne nationale, à la ferme/FR U	Cauliflower, conventional, national average, at farm gate/FR U	Agricultural\Plant production\Vegetables\Transformation	0,039	0,26	2,53E-08	1,44E-02	1,06E-03	2,98E-08	3,08E-08	3,82E-10	3,95E-03	2,53E-05	3,52E-03	1,96E-02	2,5E+00	2,22E+01	4,55E-02	1,72E+00	1,02E-06
Chou-fleur mix conventionnel et biologique, moyenne nationale, à la ferme/FR U	Cauliflower, national average, at farm gate/FR U	Agricultural\Plant production\Vegetables\Transformation	0,039	0,26	2,53E-08	1,45E-02	1,07E-03	3,01E-08	3,13E-08	3,88E-10	4,02E-03	2,55E-05	3,54E-03	1,99E-02	2,46E+00	2,26E+01	4,45E-02	1,73E+00	1,02E-06
Chou-fleur, hiver, conventionnel, avec culture précédente semée sous trèfle, à la ferme/FR U	Cauliflower, winter, conventional, with previous crop seeded under clover, at farm gate/FR U	Agricultural\Plant production\Vegetables\Transformation	0,034	0,20	2,26E-08	1,02E-02	8,65E-04	2,38E-08	2,84E-08	3,53E-10	3,8E-03	2,28E-05	3,76E-03	1,65E-02	2,33E+00	2,24E+01	1,74E-02	1,38E+00	7,84E-07
Chou-fleur, hiver, conventionnel, avec récolte de l'assistance électrique, à la ferme/FR U	Cauliflower, winter, conventional, with harvesting electrical assistance, at farm gate/FR U	Agricultural\Plant production\Vegetables\Transformation	0,040	0,24	2,01E-08	1,93E-02	7,7E-04	3,25E-08	3,63E-08	4,42E-10	4,27E-03	2,73E-05	3,32E-03	2,05E-02	2,55E+00	2,29E+01	2,27E-02	1,54E+00	1,44E-06
Chou-fleur, hiver, conventionnel, management de l'azote avec un outil d'aide à la décision Pilazo, à la ferme/FR U	Cauliflower, winter, conventional, nitrogen management with decision support tool Pilazo, at farm gate/FR U	Agricultural\Plant production\Vegetables\Transformation	0,033	0,19	2,23E-08	1,01E-02	8,57E-04	2,42E-08	2,94E-08	3,68E-10	3,85E-03	2,28E-05	2,84E-03	1,67E-02	2,37E+00	2,24E+01	1,72E-02	1,36E+00	7,76E-07
Chou-fleur, hiver, conventionnel, management de l'azote avec un outil d'aide à la décision Pilazo, à la ferme/FR U	Cauliflower, winter, conventional, nitrogen management with decision support tool Pilazo, at farm gate/FR U	Agricultural\Plant production\Vegetables\Transformation	0,033	0,21	1,92E-08	9,98E-03	8,35E-04	2,38E-08	2,84E-08	3,45E-10	3,79E-03	2,26E-05	2,75E-03	1,65E-02	2,2E+00	2,24E+01	1,66E-02	1,34E+00	7,61E-07
Chou-fleur, hiver, conventionnel, N gestion avec Pilazo et assistance électrique à la récolte, à la ferme/FR U	Cauliflower, winter, conventional, N management with Pilazo and electrical harvesting assistance, at farm gate/FR U	Agricultural\Plant production\Vegetables\Transformation	0,032	0,17	1,52E-08	1,58E-02	5,81E-04	2,4E-08	2,96E-08	3,72E-10	3,64E-03	2,47E-05	2,74E-03	1,57E-02	2,19E+00	2,24E+01	1,88E-02	1,24E+00	1,23E-06
Chou-fleur, hiver, conventionnel, N gestion avec Pilazo et utilisation d'un tracteur électrique, à la ferme/FR U	Cauliflower, winter, conventional, N management with Pilazo and use of electric tractor, at farm gate/FR U	Agricultural\Plant production\Vegetables\Transformation	0,031	0,16	1,15E-08	1,83E-02	3,68E-04	2,38E-08	2,97E-08	3,72E-10	3,48E-03	2,52E-05	2,67E-03	1,48E-02	2,13E+00	2,23E+01	1,91E-02	1,1E+00	1,36E-06
Chou-fleur, hiver, conventionnel, replacement de part de azote minéral par de la fumure organique, à la ferme/FR U	Cauliflower, winter, conventional, replacement of part of mineral nitrogen by organic manure, at farm gate/FR U	Agricultural\Plant production\Vegetables\Transformation	0,048	0,21	2,22E-08	1,01E-02	9,12E-04	4,73E-08	4,85E-08	5,02E-10	7,21E-03	2,31E-05	3,36E-03	3,18E-02	2,54E+00	2,24E+01	1,73E-02	1,36E+00	7,86E-07
Chou-fleur, hiver, conventionnel, replacement de part de azote minéral par de la fumure organique, à la ferme/FR U	Cauliflower, winter, conventional, replacement of part of mineral nitrogen by organic manure, at farm gate/FR U	Agricultural\Plant production\Vegetables\Transformation	0,048	0,21	2,22E-08	1,01E-02	9,12E-04	4,73E-08	4,85E-08	5,02E-10	7,21E-03	2,31E-05	3,36E-03	3,18E-02	2,54E+00	2,24E+01	1,73E-02	1,36E+00	7,86E-07
"Clémentine, la qualit ""exportation"", du Souss, au verger/MA U"	Clementine, export quality, Souss, at orchard/MA U	Agricultural\Plant production\Fruits\Transformation	0,199	0,30	4,18E-08	1,15E-02	1,56E-03	1,56E-08	9,39E-09	1,03E-10	3,39E-03	8,81E-05	5,89E-04	1,07E-02	1,06E+02	2,7E+01	1,77E+01	3,52E+00	1,58E-06
Colza, conventionnel, 9% d'humidité, moyenne nationale, aliment pour animaux, production/FR U	Rapeseed, conventional, 9% moisture, national average, animal feed, at farm gate, production/FR U	Agricultural\Plant production\Oil seeds\Transformation	0,182	1,45	9,67E-08	4,71E-02	3,62E-03	1,31E-07	7,66E-08	2,02E-09	1,79E-02	2,71E-04	1,18E-02	8,44E-02	2,27E+01	1,6E+02	1,4E-01	7,97E+00	7,38E-06
Colza, moyenne à partir de 7 cas d'étude optimisés, levier culture intermédiaire, à la ferme/FR U	Rapeseed, average from 7 optimized case study, systematic covercropping scenario, at farm gate/FR U	Agricultural\Plant production\Oil seeds\Transformation	0,135	0,90	7,18E-08	1,99E-02	2,65E-03	1,11E-07	2,79E-08	1,74E-09	1,72E-02	2,6E-04	8,02E-03	7,46E-02	2,29E+01	1,34E+02	2,81E-01	4,53E+00	3,19E-06
Colza, moyenne à partir de 7 cas d'étude optimisés, levier légumineuse dans rotation, à la ferme/FR U	Rapeseed, average from 7 optimized case study, protein crop scenario, at farm gate/FR U	Agricultural\Plant production\Oil seeds\Transformation	0,140	0,91	7,17E-08	1,99E-02	2,65E-03	1,11E-07	2,66E-08	1,72E-09	1,72E-02	2,59E-04	1,09E-02	7,46E-02	2,29E+01	1,34E+02	2,79E-01	4,52E+00	3,2E-06
Colza, moyenne à partir de 7 cas d'étude optimisés, scénario de base, à la ferme/FR U	Rapeseed, average from 7 optimized case study, basis scenario, at farm gate/FR U	Agricultural\Plant production\Oil seeds\Transformation	0,139	0,91	7,18E-08	1,99E-02	2,65E-03	1,11E-07	2,79E-08	1,74E-09	1,72E-02	2,6E-04	1,03E-02	7,46E-02	2,29E+01	1,34E+02	2,81E-01	4,53E+00	3,19E-06
Coquille Saint-Jacques, BSBrieuc, Dredge, moyenne, au débarquement/FR U	Great Scallop, BSBrieuc, Dredge, average, at landing/FR U	Agricultural\Animal production\Fish\Transformation	0,132	0,68	1,46E-07	4,25E-02	1,53E-02	1,67E-07	4,22E-09	5,98E-10	2,21E-02	4,11E-05	5,31E-03	5,81E-02	3E+00	1,74E+00	2,52E-02	9,29E+00	7,65E-06
Courgette conventionnelle, automne sous tunnel, à la ferme/FR U	Zucchini, autumn, under tunnel, conventional, at farm gate/FR U	Agricultural\Plant production\Vegetables\Transformation	0,067	0,30	2,52E-08	4,31E-02	1,49E-03	3,61E-08	3,14E-08	6,07E-10	4E-03	5,2E-05	1,04E-03	1,98E-02	3,24E+00	-7,99E+00	3,23E+00	4,71E+00	3,42E-06
Courgette conventionnelle, moyenne nationale, à la ferme/FR U	Zucchini, conventional, national average, at farm gate/FR U	Agricultural\Plant production\Vegetables\Transformation	0,040	0,16	1,62E-08	2,41E-02	8,74E-04	1,51E-08	1E-08	2,94E-10	1,98E-03	3,64E-05	1,24E-03	8,93E-03	1,93E+00	6,47E+00	2,36E+00	2,4E+00	1,65E-06
Courgette conventionnelle, plein champ, à la ferme/FR U	Zucchini, open field, conventional, at farm gate/FR U	Agricultural\Plant production\Vegetables\Transformation	0,036	0,13	1,67E-08	1,98E-02	8,81E-04	8,26E-09	4,19E-09	2,39E-10	1,47E-03	4,02E-05	1,81E-03	5,93E-03	1,84E+00	1,73E+01	2,21E+00	1,86E+00	1,17E-06
Courgette conventionnelle, printemps sous tunnel, à la ferme/FR U	Zucchini, springtime, under tunnel, conventionel, at farm gate/FR U	Agricultural\Plant production\Vegetables\Transformation	0,041	0,17	1,4E-08	2,62E-02	7,62E-04	1,98E-08	1,35E-08	3,08E-10	2,26E-03	2,91E-05	5,82E-04	1,07E-02	1,83E+00	-4,3E+00	2,39E+00	2,66E+00	1,95E-06
Courgette mix conventionnel et biologique, moyenne nationale, à la ferme/FR U	Zucchini, national average, at farm gate/FR U	Agricultural\Plant production\Vegetables\Transformation	0,040	0,16	1,61E-08	2,43E-02	8,72E-04	1,51E-08	1,03E-08	2,96E-10	1,97E-03	3,63E-05	1,23E-03	8,91E-03	1,91E+00	6,21E+00	2,38E+00	2,41E+00	1,66E-06
Dinde, conventionnel, à la ferme/FR U	Turkey, conventional, at farm gate/FR U	Agricultural\Animal production\Avian\Transformation	0,567	4,08	1,67E-07	1,98E-01	1,04E-02	5,75E-07	1,03E-07	4,32E-09	8,24E-02	1E-03	2,24E-02	3,56E-01	9,61E+01	2,69E+02	2,24E+00	1,82E+01	1,27E-05
Dinde, Label Rouge, à la ferme/FR U	Turkey, Label Rouge, at farm gate/FR U	Agricultural\Animal production\Avian\Transformation	0,829	5,67	2,27E-07	2,68E-01	1,42E-02	8,96E-07	1,41E-07	5,88E-09	1,28E-01	1,37E-03	3,16E-02	5,57E-01	1,32E+02	3,8E+02	3,08E+00	2,45E+01	1,74E-05
Dinde, moyenne nationale, à la ferme/FR U	Turkey, national average, at farm gate/FR U	Agricultural\Animal production\Avian\Transformation	0,574	4,12	1,68E-07	2E-01	1,05E-02	5,85E-07	1,04E-07	4,36E-09	8,38E-02	1,02E-03	2,27E-02	3,62E-01	9,71E+01	2,72E+02	2,27E+00	1,83E+01	1,29E-05
Endive conventionnelle, moyenne nationale, à la ferme/FR U	Chicory witloof, conventional, national average at farm gate/FR U	Agricultural\Plant production\Vegetables\Transformation	0,060	0,38	1,16E-07	3,31E-01	1,12E-03	1,51E-08	5,6E-09	4,21E-10	2,1E-03	6,71E-05	2,06E-03	7,55E-03	2,44E+01	2,92E+01	7,6E-01	8,97E+00	3,65E-06
Endive conventionnelle, précoce, à la ferme/FR U	Chicory witloof, early, conventional at farm gate/FR U	Agricultural\Plant production\Vegetables\Transformation	0,067	0,39	1,21E-07	2,06E-01	1,34E-03	1,09E-08	5,9E-09	4,52E-10	1,69E-03	7,18E-05	2,38E-03	5,85E-03	2,9E+01	3,57E+01	2,03E+00	6,88E+00	3E-06
Endive conventionnelle, saison, à la ferme/FR U	Chicory witloof, season, conventional at farm gate/FR U	Agricultural\Plant production\Vegetables\Transformation	0,049	0,35	1,12E-07	2,24E-01	9,49E-04	1,37E-08	4,68E-09	3,51E-10	1,94E-03	5,66E-05	1,86E-03	7,19E-03	2,22E+01	2,54E+01	4,75E-01	6,44E+00	2,74E-06
Endive conventionnelle, tardive, à la ferme/FR U	Chicory witloof, late, conventional at farm gate/FR U	Agricultural\Plant production\Vegetables\Transformation	0,068	0,41	1,17E-07	5E-01	1,18E-03	1,87E-08	6,36E-09	4,75E-10	2,47E-03	7,52E-05	2,1E-03	8,76E-03	2,43E+01	2,97E+01	4,09E-01	1,25E+01	4,89E-06
Endive, mix conventionnel et biologique, moyenne nationale, à la ferme FR U	Chicory witloof, national average, at farm gate/FR U	Agricultural\Plant production\Vegetables\Transformation	0,061	0,39	1,17E-07	3,32E-01	1,13E-03	1,51E-08	5,62E-09	4,23E-10	2,1E-03	6,74E-05	2,08E-03	7,55E-03	2,4E+01	2,95E+01	7,56E-01	9E+00	3,71E-06
Féverole, conventionnel, moyenne nationale, à la ferme/FR U	Spring faba bean, conventional, national average, at farm gate/FR U	Agricultural\Plant production\Legumes\Transformation	0,048	0,30	1,99E-08	8,77E-03	9,6E-04	9,34E-09	2,64E-09	6,83E-10	1,71E-03	1,2E-04	7,41E-03	7,07E-03	1,82E+01	1,05E+02	2,81E-02	1,31E+00	8,15E-07
Féverole, conventionnel, protection intégrée, à la ferme/FR U	Spring faba bean, conventional, reduced protection, at farm gate/FR U	Agricultural\Plant production\Legumes\Transformation	0,047	0,29	1,9E-08	8,51E-03	9,28E-04	9,26E-09	2,58E-09	6,81E-10	1,69E-03	1,2E-04	7,39E-03	6,95E-03	1,5E+01	1,05E+02	2,82E-02	1,27E+00	7,94E-07
Fibres de chanvre/FR U	Hemp fibre, without processing/FR U	Agricultural\Plant production\Cereals\Transformation	0,079	0,37	2,37E-08	1,1E-02	1,6E-03	5,87E-08	6,51E-08	1,29E-09	9,13E-03	2,16E-04	6,37E-03	4,09E-02	2,11E+00	1,05E+02	3,69E-02	1,8E+00	1,39E-06
Fraise conventionnelle, hors sol sous abri anti gel, à la ferme/FR U	Strawberry, soilless protected crops, frost protection, conventional, at farm gate/FR U	Agricultural\Plant production\Fruits\Transformation	0,134	0,85	1E-07	2,51E-01	2,48E-03	4,81E-08	1,3E-08	1,94E-09	5,19E-03	6,19E-04	2,62E-03	1,55E-02	1,38E+01	-1,13E+01	3,38E+00	1,91E+01	1,37E-05
Fraise conventionnelle, hors sol sous abri chauffé, à la ferme/FR U	Strawberry, soilless protected crops, heated, conventional, at farm gate/FR U	Agricultural\Plant production\Fruits\Transformation	0,300	2,94	4,22E-07	4,57E-01	6,53E-03	1,6E-07	2,25E-08	3,01E-09	1,15E-02	8,35E-04	4,24E-03	3,24E-02	2,01E+01	-1,69E+00	4,33E+00	5,46E+01	2,02E-05
Fraise conventionnelle, hors sol sous abri non chauffé, à la ferme/FR U	Strawberry, soilless protected crops, non-heated, conventional, at farm gate/FR U	Agricultural\Plant production\Fruits\Transformation	0,163	0,74	5,47E-08	1,28E-01	2,68E-03	5,99E-08	1,4E-08	2,39E-09	6,24E-03	1,13E-03	4,67E-03	2,05E-02	1,29E+01	-1,53E+01	6,03E+00	1,44E+01	1,66E-05
Fraise conventionnelle, moyenne nationale, à la ferme/FR U	Strawberry, national average, at farm gate/FR U	Agricultural\Plant production\Fruits\Transformation	0,150	1,04	1,27E-07	1,96E-01	2,92E-03	6,73E-08	1,71E-08	1,97E-09	6,22E-03	5E-04	2,79E-03	1,96E-02	1,35E+01	-3,9E+00	4,05E+00	2,06E+01	1,3E-05
Fraise conventionnelle, plein champ, à la ferme/FR U	Strawberry, open field, conventional, at farm gate/FR U	Agricultural\Plant production\Fruits\Transformation	0,091	0,18	2,02E-08	6,81E-02	9,98E-04	3,56E-08	2,35E-08	5,05E-10	5,35E-03	6,61E-05	4,05E-03	2,24E-02	8,62E+00	3,17E+01	6E+00	3,37E+00	1,72E-06
Fraise conventionnelle, sol sous abri non chauffé, à la ferme/FR U	Strawberry, soil protected crops, non-heated, conventional, at farm gate/FR U	Agricultural\Plant production\Fruits\Transformation	0,088	0,48	3,72E-08	7,76E-02	1,91E-03	3,99E-08	1,5E-08	1,79E-09	4,06E-03	1,43E-04	7,35E-04	1,32E-02	1,16E+01	-1,06E+01	2,73E+00	1,03E+01	1,15E-05
Fraise industrie, plein champ, conventionnel, à la ferme/ES U	Strawberry for processing, open field, conventional, at farm gate/ES U	Agricultural\Plant production\Fruits\Transformation	0,102	0,23	3,38E-08	7,43E-02	1,78E-03	3,48E-08	2,22E-08	4,42E-10	5,64E-03	6,96E-05	4,3E-03	2,38E-02	8,89E+00	9,78E+01	6E+00	4,28E+00	2,04E-06
Fraise industrie, plein champ, conventionnel, à la ferme/MA U	Strawberry for processing, open field, conventional, at farm gate/MA U	Agricultural\Plant production\Fruits\Transformation	0,092	0,17	1,95E-08	6,77E-02	9,62E-04	3,34E-08	2,17E-08	3,91E-10	4,98E-03	6,55E-05	4,02E-03	2,08E-02	8,61E+00	6,34E+01	6E+00	3,32E+00	1,67E-06
Fraise industrie, plein champ, conventionnel, à la ferme/PL U	Strawberry for processing, open field, conventional, at farm gate/PL U	Agricultural\Plant production\Fruits\Transformation	0,099	0,17	1,95E-08	6,77E-02	9,62E-04	3,34E-08	2,17E-08	3,91E-10	4,98E-03	6,55E-05	4,02E-03	2,08E-02	8,61E+00	1,36E+02	6E+00	3,32E+00	1,67E-06
Gadidae, Mer Celtique, chalut de fond, moyenne, au débarquement/FR U	Gadidae, CelticSea, Bottom Trawl, average, at landing/FR U	Agricultural\Animal production\Fish\Transformation	0,616	3,27	7,24E-07	2,02E-01	7,6E-02	8,33E-07	1,22E-08	2,3E-09	1,1E-01	1,01E-04	2,66E-02	2,91E-01	1,32E+01	6,15E+00	9,24E-02	4,49E+01	1,04E-05
Génisse allaitante  système d'engraissement conventionnel, plus de 1,2 UGB par ha, à la ferme/FR U	Suckler heifer, conventional, fattening system, more than 1.2 LU per ha, at farm gate/FR U	Agricultural\Animal production\Bovine\Transformation	1,653	17,15	3,76E-07	5,44E-01	2,45E-02	1,67E-06	3,22E-07	7,02E-09	2,5E-01	6,67E-04	6,11E-02	1,11E+00	5,36E+01	1,01E+03	3,45E+00	3,87E+01	2,11E-05
Grain de café (robusta), dépulpés, au Brésil, au départ de l'exploitation/BR U	Coffee bean (Robusta), depulped, Brazil, at farm gate/BR U	Agricultural\Plant production\Fruits\Transformation	0,419	1,66	1,22E-07	5,5E-02	5,15E-03	3,21E-07	1,47E-08	6,13E-10	4,65E-02	2,04E-04	3,42E-02	1,97E-01	3,06E+02	2,24E+02	7,19E-01	1,17E+01	1,77E-05
Graine de chanvre, Champagne, à la ferme/FR U	Hemp, grain, Champagne, at farm gate/FR U	Agricultural\Plant production\Cereals\Transformation	0,182	0,85	5,44E-08	2,53E-02	3,68E-03	1,34E-07	1,5E-07	2,97E-09	2,09E-02	4,94E-04	1,46E-02	9,38E-02	4,85E+00	2,42E+02	8,47E-02	4,14E+00	3,19E-06
Graine de tournesol,  conventionnel, 9% d'humidité, moyenne nationale, aliment pour animaux, à la ferme/FR U	Sunflower grain, conventional, 9% moisture, national average, animal feed, at farm gate, production/FR U	Agricultural\Plant production\Oil seeds\Transformation	0,146	1,02	4,84E-08	3,84E-02	2,68E-03	7,41E-08	8,13E-08	3,6E-09	9,24E-03	5,27E-04	1,17E-02	4,82E-02	1,38E+01	2,42E+02	4,3E-01	4,1E+00	2,81E-06
Graine de tournesol,  moyenne à partir de deux études de cas optimisé, levier culture intermédiaire, à la ferme/FR U	Sunflower grain, average from 2 optimized case study, systematic covercropping scenario, at farm gate/FR U	Agricultural\Plant production\Oil seeds\Transformation	0,113	0,77	4,78E-08	2,14E-02	2,64E-03	4,02E-08	3,89E-09	3,61E-09	7,04E-03	7,2E-04	1,06E-02	3,02E-02	9,42E+00	2,35E+02	1,46E-01	3,62E+00	2,38E-06
Graine de tournesol,  moyenne de deux études de cas optimisé, levier légumineuse dans rotation, à la ferme/FR U	Sunflower grain, average from 2 optimized case study, protein crop scenario, at farm gate/FR U	Agricultural\Plant production\Oil seeds\Transformation	0,119	0,79	3,76E-08	1,72E-02	2,13E-03	4,78E-08	3,1E-09	3,57E-09	7,84E-03	7,14E-04	1,33E-02	3,36E-02	9,13E+00	2,33E+02	1,65E-01	3,13E+00	2,43E-06
Graine de tournesol, moyenne à partir de deux études de cas optimisés, scénario de base, à la ferme/FR U	Sunflower grain, average from 2 optimized case study, basis scenario, at farm gate/FR U	Agricultural\Plant production\Oil seeds\Transformation	0,118	0,78	3,76E-08	1,71E-02	2,13E-03	4,78E-08	3,43E-09	3,57E-09	7,84E-03	7,14E-04	1,29E-02	3,36E-02	9,11E+00	2,33E+02	1,65E-01	3,13E+00	2,42E-06
Graines de lin extrudées, aliment Bleu Blanc Coeur, à la ferme/FR U	Flaxseed extruded, Bleu Blanc Coeur feed, at farm gate/FR U	Agricultural\Plant production\Oil seeds\Transformation	0,176	1,12	6,85E-08	4,97E-02	3,66E-03	1,11E-07	1,73E-08	3,17E-09	1,81E-02	4,85E-04	1,61E-02	7,93E-02	1,39E+01	2,78E+02	2,44E-01	6,44E+00	4,73E-06
Graines de lin, paille, Rand, Normandie, à la ferme/FR U	Flaxseed, straw, ret, Normandie, at farm gate/FR U	Agricultural\Plant production\Oil seeds\Transformation	0,044	0,28	3,59E-08	1,92E-02	1,98E-03	1,56E-08	3,3E-08	6,74E-10	3,56E-03	1,05E-04	1,59E-03	1,12E-02	7,83E+00	6,48E+01	6,53E-02	2,72E+00	2,09E-06
Grande truite, 2-4 kg, conventionnel, à la ferme/FR U	Large trout, 2-4kg, conventional, at farm gate/FR U	Agricultural\Animal production\Fish\Transformation	0,613	2,60	2,36E-07	7,97E-01	9,69E-03	1,32E-07	5,5E-08	1,73E-09	1,55E-02	1,03E-02	4,78E-02	5,55E-02	3,29E+01	8,91E+01	1,75E+01	3,72E+01	8,76E-06
Hareng de l'Atlantique, NEA, Pelagic Chalut, moyenne, au débarquement/NL U	Atlantic Herring, NEA, Pelagic Trawl, average, at landing/NL U	Agricultural\Animal production\Fish\Transformation	0,094	0,52	1,37E-07	3,08E-02	1,14E-02	1,26E-07	1,83E-09	3,15E-10	1,67E-02	1,9E-05	4E-03	4,37E-02	2,04E+00	1,12E+00	1,43E-02	6,74E+00	1,8E-06
Haricot français, moyenne conventionnelle, nationale, à la ferme/FR U	French bean, conventional, national average, at farm gate/FR U	Agricultural\Plant production\Legumes\Transformation	0,071	0,12	1,92E-08	4,81E-03	5,32E-04	2,92E-08	1,65E-09	2,71E-10	4,47E-03	5,62E-05	1,96E-03	1,95E-02	3,39E+00	6,71E+01	5,23E+00	1,1E+00	9,03E-07
Homard, 1 kg de produit, au débarquement/FR U	Lobster, 1 kg of product, at landing/FR U	Agricultural\Animal production\Seafood\Transformation	2,822	14,16	3,14E-06	1,53E+00	1,9E-01	2,19E-06	2,92E-07	2,31E-08	2,84E-01	4,34E-03	6,57E-02	7,07E-01	1,04E+02	5,39E+01	2,69E+00	2,28E+02	6,64E-04
Kiwi FR, conventionnel, moyenne nationale, au verger/FR U	Kiwi FR, conventional, national average, at orchard/FR U	Agricultural\Plant production\Fruits\Transformation	0,126	0,34	2,69E-08	2,5E-02	1,4E-03	3,95E-08	1,84E-08	7,29E-10	3,54E-03	7,72E-05	7,3E-04	1,96E-02	4,22E+00	4,66E+01	9,92E+00	2,83E+00	9,31E-06
Laine, conventionnel, système Roquefort, à la ferme/FR U	Wool, conventional, Roquefort system, at farm gate/FR U	Agricultural\Animal production\Ovine\Transformation	0,574	4,32	1,07E-07	1,87E-01	6,09E-03	6,88E-07	6,22E-08	2,1E-09	1,01E-01	2,62E-04	2,14E-02	4,47E-01	1,75E+01	5,12E+02	8,99E-01	1,21E+01	6,51E-06
Laine, système de production conventionnel, intérieur, à la ferme/FR U	Wool, conventional, indoor production system, at farm gate/FR U	Agricultural\Animal production\Ovine\Transformation	0,446	4,29	8,92E-08	7,29E-02	6,39E-03	4,46E-07	7,89E-08	2,11E-09	6,65E-02	2,35E-04	1,65E-02	2,95E-01	1,46E+01	4,61E+02	5,74E-01	8,21E+00	5,75E-06
Lait de brebis, conventionnel, système Roquefort, à la ferme/FR U	Sheep milk, conventional, Roquefort system, at farm gate/FR U	Agricultural\Animal production\Dairy\Transformation	0,224	1,71	4,04E-08	7,56E-02	2,3E-03	2,68E-07	2,35E-08	7,81E-10	3,92E-02	9,36E-05	8,73E-03	1,74E-01	6,28E+00	2,06E+02	2,81E-01	4,64E+00	2,33E-06
lait de chèvre, aire de fourrage conventionnel, intensif, à la ferme/FR U	Goat milk, conventional, intensive forage area, at farm gate/FR U	Agricultural\Animal production\Dairy\Transformation	0,172	1,12	3,56E-08	8,53E-02	2,3E-03	2,15E-07	1,74E-08	5,94E-10	3,06E-02	1,2E-04	5,68E-03	1,34E-01	9,94E+00	9,18E+01	1,02E+00	4,74E+00	2,24E-06
Lait de vache, de lait système conventionnel, montagne, nourri à l'herbe, à la ferme/FR U	Cow milk, conventional, highland milk system, grass fed, at farm gate/FR U	Agricultural\Animal production\Dairy\Transformation	0,124	1,29	3,54E-08	5,1E-02	1,98E-03	1,17E-07	1,78E-08	5,82E-10	1,74E-02	7,88E-05	2,89E-03	7,62E-02	3,83E+00	9,6E+01	3,63E-01	4,12E+00	3,7E-06
Lait de vache, moyenne nationale, à la ferme/FR U	Cow milk, national average, at farm gate/FR U	Agricultural\Animal production\Dairy\Transformation	0,105	1,12	2,43E-08	3,9E-02	1,75E-03	8,44E-08	2,69E-08	7,21E-10	1,26E-02	1,21E-04	4,08E-03	5,5E-02	1,28E+01	6,91E+01	3,59E-01	2,41E+00	2,48E-06
Lait de vache, système conventionnel, Lait de plaine, le maïs d'ensilage plus de 30%, à la ferme/FR U	Cow milk, conventional, lowland milk system, silage maize more than 30%, at farm gate/FR U	Agricultural\Animal production\Dairy\Transformation	0,101	1,09	2,32E-08	3,6E-02	1,73E-03	7,59E-08	2,89E-08	7,82E-10	1,14E-02	1,36E-04	4,12E-03	4,93E-02	1,58E+01	6,04E+01	3,82E-01	2,16E+00	2,39E-06
Lait de vache, système conventionnel, plaine de lait, du maïs ensilage 5 à 10%, à la ferme/FR U	Cow milk, conventional, lowland milk system, silage maize 5 to 10%, at farm gate/FR U	Agricultural\Animal production\Dairy\Transformation	0,103	1,16	1,81E-08	4,07E-02	1,7E-03	8,75E-08	1,91E-08	5,12E-10	1,31E-02	8,98E-05	4,25E-03	5,75E-02	7,29E+00	8E+01	2,53E-01	1,99E+00	2,24E-06
Lait de vache, système conventionnel, plaine du lait, du maïs ensilage 10 à 30%, à la ferme/FR U	Cow milk, conventional, lowland milk system, silage maize 10 to 30%, at farm gate/FR U	Agricultural\Animal production\Dairy\Transformation	0,105	1,08	2,17E-08	3,57E-02	1,68E-03	8,68E-08	2,85E-08	7,43E-10	1,3E-02	1,24E-04	4,33E-03	5,66E-02	1,43E+01	6,66E+01	3,41E-01	2,05E+00	2,17E-06
Laitue conventionnelle, automne sous tunnel, à la ferme/FR U	Lettuce, autumn under tunnel, conventional, at farm gate/FR U	Agricultural\Plant production\Vegetables\Transformation	0,030	0,11	8,83E-09	2,71E-02	4,74E-04	1,3E-08	1,91E-08	3,86E-10	1,28E-03	2,7E-05	3,98E-04	5,96E-03	2,96E+00	-3,1E+00	1,47E+00	2,54E+00	1,83E-06
Laitue conventionnelle, hiver sous tunnel, à la ferme/FR U	Lettuce, winter under tunnel, conventional, at farm gate/FR U	Agricultural\Plant production\Vegetables\Transformation	0,035	0,15	1,2E-08	2,17E-02	6,27E-04	1,64E-08	1,99E-08	4,99E-10	1,66E-03	3,73E-05	4,55E-04	7,39E-03	3,36E+00	-5,08E+00	1,53E+00	2,97E+00	2,65E-06
Laitue conventionnelle, moyenne nationale, à la ferme/FR U	Lettuce, conventional, national average, at farm gate/FR U	Agricultural\Plant production\Vegetables\Transformation	0,038	0,17	1,24E-08	3,22E-02	6,92E-04	2,25E-08	2,22E-08	3,71E-10	1,84E-03	2,39E-05	9,09E-04	1,19E-02	2,34E+00	1,1E-01	1,72E+00	2,55E+00	1,61E-06
Laitue conventionnelle, plein champ, à la ferme/FR U	Lettuce, open field, conventional, at farm gate/FR U	Agricultural\Plant production\Vegetables\Transformation	0,045	0,21	1,49E-08	4,14E-02	8,8E-04	3,27E-08	2,54E-08	2,76E-10	2,34E-03	1,31E-05	1,54E-03	1,87E-02	1,23E+00	5,55E+00	1,98E+00	2,25E+00	8,03E-07
Lapin de réforme, conventionnel, en cage, à la ferme/FR U	Cull rabbit, conventional, in cage, at farm gate/FR U	Agricultural\Animal production\Other\Transformation	0,765	9,01	5,61E-07	1,43E+00	2,14E-02	3,37E-07	1,51E-07	7,93E-09	4,19E-02	1,39E-03	2,63E-02	1,56E-01	8,01E+01	4,25E+02	3,34E+00	9,16E+01	2,95E-05
Lapin, conventionnel, en cage, à la ferme/FR U	Rabbit, conventional, in cage, at farm gate/FR U	Agricultural\Animal production\Other\Transformation	0,259	2,75	1,21E-07	2,76E-01	6,44E-03	1,8E-07	5,75E-08	2,44E-09	2,33E-02	4,86E-04	1,05E-02	9,55E-02	2,83E+01	1,67E+02	8,21E-01	1,72E+01	7,72E-06
Lupin de printemps, 2013, conventionnel, moyenne nationale, à la ferme, production/FR U	Spring lupin, 2013, conventional, national average, at farm gate, production/FR U	Agricultural\Plant production\Legumes\Transformation	0,126	0,90	4,84E-08	2,52E-02	2,43E-03	2,48E-08	1,78E-08	3,92E-09	3,05E-03	4,54E-04	1,89E-02	1,63E-02	8,3E+00	3,38E+02	7,25E-02	3,48E+00	2,52E-06
Lupin de printemps, 2015, conventionnel, moyenne nationale, à la ferme, production/FR U	Spring lupin, 2015, conventional, national average, at farm gate, production/FR U	Agricultural\Plant production\Legumes\Transformation	0,277	0,86	5,22E-08	2,62E-02	2,58E-03	2,61E-07	3,09E-07	4,19E-09	3,85E-02	4,36E-04	1,89E-02	1,7E-01	9,75E+00	3,18E+02	5,47E-01	3,73E+00	2,8E-06
Lupin d'hiver, 2013, conventionnel, moyenne nationale, à la ferme, production/FR U	Winter lupin, 2013, conventional, national average, at farm gate, production/FR U	Agricultural\Plant production\Legumes\Transformation	0,091	0,61	2,84E-08	1,45E-02	1,34E-03	1,23E-08	9,99E-09	2,65E-09	1,62E-03	3,64E-04	1,52E-02	7,45E-03	5,96E+00	2,64E+02	5,68E-02	2,03E+00	1,58E-06
Lupin d'hiver, 2015, conventionnel, moyenne nationale, à la ferme, production/FR U	Winter lupin, 2015, conventional, national average, at farm gate, production/FR U	Agricultural\Plant production\Legumes\Transformation	0,092	0,54	2,82E-08	1,45E-02	1,64E-03	3,09E-08	1,29E-08	1,77E-09	5,07E-03	3,1E-04	1,31E-02	2,17E-02	7,63E+00	2,23E+02	2,67E-01	2,14E+00	1,51E-06
Lupin, conventionnel, moyenne nationale, à la ferme, production/FR U	Lupin, conventional, national average, at farm gate, production/FR U	Agricultural\Plant production\Legumes\Transformation	0,122	0,66	3,46E-08	1,77E-02	1,78E-03	5,55E-08	5,39E-08	2,73E-09	8,22E-03	3,68E-04	1,55E-02	3,66E-02	7,43E+00	2,68E+02	2,03E-01	2,52E+00	1,87E-06
Luzerne, conventionnel, par déshydratation, alimentation animale, à la ferme/FR U	Alfalfa, conventional, for dehydration, animal feed, at farm gate, production/FR U	Agricultural\Plant production\Roughage\Transformation	0,026	0,18	1,83E-08	8,41E-03	7,85E-04	7,12E-09	5,12E-09	2,03E-10	1,03E-03	3,22E-05	2,64E-03	2,87E-03	6,4E+00	5,17E+01	5,3E-02	1,34E+00	1,53E-06
Luzerne, conventionnel, pour l'alimentation des animaux, à la ferme/FR U	Alfalfa, conventional, for animal feeding, at farm gate/FR U	Agricultural\Plant production\Roughage\Transformation	0,026	0,24	1,1E-08	6,7E-03	4,82E-04	2,23E-09	9,12E-10	1,38E-10	4,64E-04	2,15E-05	4,06E-03	1,67E-03	1,86E+00	7,58E+01	1,9E-02	1,12E+00	5,87E-07
Luzerne, moyenne conventionnelle, nationale, à la ferme/FR U	Alfalfa, conventional, national average, at farm gate/FR U	Agricultural\Plant production\Roughage\Transformation	0,026	0,22	1,32E-08	7,21E-03	5,73E-04	3,69E-09	2,17E-09	1,58E-10	6,34E-04	2,47E-05	3,63E-03	2,03E-03	3,22E+00	6,86E+01	2,92E-02	1,19E+00	8,69E-07
Maïs grain, conventionnel, 28% d'humidité, moyenne nationale, alimentation animale, à la ferme/FR U	Maize grain, conventional, 28% moisture, national average, animal feed, at farm gate/FR U	Agricultural\Plant production\Cereals\Transformation	0,084	0,39	2,48E-08	4,22E-02	1,06E-03	5,53E-08	1,74E-08	6,51E-10	8,07E-03	9,72E-05	3,37E-03	3,64E-02	1,99E+01	4,81E+01	2,73E+00	2,49E+00	1,6E-06
Maïs grain, moyenne de six cas d'études optimisés, levier culture intermédiaire systématique, à la ferme/FR U	Grain maize, average from 6 optimized case study, scenario systematic cover cropping, at farm gate/FR U	Agricultural\Plant production\Cereals\Transformation	0,108	0,38	3,51E-08	7,11E-02	1,15E-03	6,27E-08	1,39E-08	8,6E-10	9,47E-03	1,41E-04	2,64E-03	4,13E-02	2,27E+01	5,34E+01	5,08E+00	3,45E+00	1,87E-06
Maïs grain, moyenne de six cas d'études optimisés, levier légumineuse dans rotation, à la ferme/FR U	Grain maize, average from 6 optimized case study, scenario protein crop, at farm gate/FR U	Agricultural\Plant production\Cereals\Transformation	0,104	0,34	2,92E-08	6,93E-02	1,01E-03	5,88E-08	1,25E-08	8,21E-10	8,84E-03	1,35E-04	3,85E-03	3,87E-02	2E+01	5,03E+01	5,05E+00	3E+00	1,52E-06
Maïs grain, moyenne de six cas d'études optimisés, scénario de base, à la ferme/FR U	Grain maize, average from 6 optimized case study, basis scenario, at farm gate/FR U	Agricultural\Plant production\Cereals\Transformation	0,108	0,37	3,04E-08	6,96E-02	1,07E-03	6,4E-08	1,17E-08	8,33E-10	9,63E-03	1,38E-04	3,81E-03	4,22E-02	2E+01	5,3E+01	5,07E+00	3,15E+00	1,63E-06
Maïs grain,, conventionnel, 28% d'humidité, moyenne nationale, avec l'empreinte de l'eau, alimentation animale, à la ferme/FR U	Maize grain, conventional, 28% moisture, national average, with water footprint, animal feed, at farm gate/FR U	Agricultural\Plant production\Cereals\Transformation	0,088	0,39	2,48E-08	4,22E-02	1,06E-03	5,53E-08	1,74E-08	6,51E-10	8,07E-03	9,72E-05	3,37E-03	3,64E-02	1,99E+01	4,81E+01	3,17E+00	2,49E+00	1,6E-06
Maquereau Atlantique, NEA, Pelagic Chalut, moyenne, au débarquement/NL U	Atlantic Mackerel, NEA, Pelagic Trawl, average, at landing/NL U	Agricultural\Animal production\Fish\Transformation	0,095	0,53	1,41E-07	3,11E-02	1,16E-02	1,27E-07	1,86E-09	3,19E-10	1,69E-02	1,95E-05	4,03E-03	4,41E-02	2,06E+00	1,14E+00	1,47E-02	6,81E+00	1,85E-06
Melon conventionel, moyenne nationale, à la ferme/FR U	Melon, conventional, national average, at farm gate/FR U	Agricultural\Plant production\Vegetables\Transformation	0,059	0,17	2,03E-08	4,07E-02	1,06E-03	1,03E-08	9,03E-09	4,82E-10	1,61E-03	8,34E-05	2,3E-03	6,07E-03	1,94E+00	1,94E+01	4,24E+00	3,66E+00	1,68E-06
Melon conventionnel, plein champ, à la ferme/FR U	Melon, open field, conventional, at farm gate/FR U	Agricultural\Plant production\Vegetables\Transformation	0,056	0,15	1,86E-08	3,85E-02	9,46E-04	8,25E-09	7,34E-09	4,42E-10	1,39E-03	8,15E-05	2,31E-03	5,07E-03	1,8E+00	2,18E+01	4,21E+00	3,24E+00	1,37E-06
Melon conventionnel, sous chenille, à la ferme/FR U	Melon, under low tunnel, conventional, at farm gate/FR U	Agricultural\Plant production\Vegetables\Transformation	0,072	0,25	2,56E-08	5,05E-02	1,43E-03	1,49E-08	1,05E-08	6,21E-10	2,34E-03	1,1E-04	2,97E-03	8,35E-03	2,82E+00	2,36E+01	4,73E+00	5,37E+00	2,21E-06
Melon conventionnel, sous tunnel, à la ferme/FR U	Melon, protected crop, conventional, at farm gate/FR U	Agricultural\Plant production\Vegetables\Transformation	0,072	0,32	3,29E-08	5,28E-02	1,89E-03	2,77E-08	2,66E-08	7,49E-10	3,15E-03	6,89E-05	1,26E-03	1,45E-02	2,28E+00	-1,49E+01	3,87E+00	6,1E+00	4,54E-06
Melon mix conventionnel et biologique, moyenne nationale, à la ferme/FR U	Melon, national average, at farm gate/FR U	Agricultural\Plant production\Vegetables\Transformation	0,059	0,17	2,03E-08	4,07E-02	1,06E-03	1,02E-08	9,1E-09	4,82E-10	1,61E-03	8,35E-05	2,31E-03	6,05E-03	1,92E+00	1,95E+01	4,24E+00	3,65E+00	1,69E-06
Moules, avec la coquille, au port/FR U	Mussels, with shell, at farm gate/FR U	Agricultural\Animal production\Seafood\Transformation	0,056	0,44	7,79E-08	6,77E-02	5,05E-03	1,91E-08	2,94E-09	3,28E-10	4,55E-03	6,5E-05	1,77E-03	1,91E-02	2,19E+00	5,7E+01	8,5E-02	7,53E+00	3,55E-06
Noix conventionnelle en coque séchée, variétés à fructification latérale, à la ferme/FR U	Walnut, dried inshell, varieties with lateral fructification, conventional, at farm gate/FR U	Agricultural\Plant production\Nuts\Transformation	0,314	1,14	1,77E-07	1,22E-01	5,31E-03	8,93E-08	2,06E-08	6,93E-10	1,53E-02	1,61E-04	5,14E-03	6,32E-02	1,61E+01	1,62E+02	2,02E+01	1,39E+01	2,27E-05
Noix conventionnelle, en coque séchée, moyenne nationale, à la ferme/FR U	Walnut, dried inshell, conventional, national average, at farm gate/FR U	Agricultural\Plant production\Nuts\Transformation	0,422	1,48	2E-07	1,48E-01	7E-03	1,26E-07	3,22E-08	1,04E-09	2,15E-02	2,7E-04	7,61E-03	8,74E-02	1,87E+01	3,1E+02	2,46E+01	1,69E+01	3,95E-05
Noix conventionnelle, en coque séchée, variétés traditionnelles, à la ferme/FR U	Walnut, dried inshell, traditional varieties, conventional, at farm gate/FR U	Agricultural\Plant production\Nuts\Transformation	0,458	1,59	2,07E-07	1,56E-01	7,56E-03	1,38E-07	3,61E-08	1,16E-09	2,35E-02	3,06E-04	8,43E-03	9,55E-02	1,95E+01	3,59E+02	2,6E+01	1,79E+01	4,51E-05
Noix mix conventionnel et biologique, en coque, moyenne nationale, à la ferme/FR U	Walnut, dried inshell, national average, at farm gate/FR U	Agricultural\Plant production\Nuts\Transformation	0,428	1,47	2E-07	1,58E-01	7,31E-03	1,18E-07	3,98E-08	1,33E-09	2,07E-02	2,76E-04	7,95E-03	8,41E-02	1,74E+01	3,29E+02	2,5E+01	1,72E+01	4,07E-05
Oeuf, Bleu Blanc Coeur, plein air, à la ferme/FR U	Egg, Bleu Blanc Coeur, outdoor system, at farm gate/FR U	Agricultural\Animal production\Avian\Transformation	0,421	2,23	1,02E-07	2,25E-01	5,77E-03	5,06E-07	3,9E-08	2,76E-09	7,32E-02	4,92E-04	1,82E-02	3,23E-01	4,96E+01	2,46E+02	1,86E+00	1,24E+01	6,97E-06
Oeuf, moyenne nationale, à la ferme/FR U	Egg, national average, at farm gate/FR U	Agricultural\Animal production\Avian\Transformation	0,407	2,23	9,9E-08	2,34E-01	6,16E-03	4,53E-07	7,2E-08	2,82E-09	6,52E-02	5,87E-04	1,43E-02	2,86E-01	6,18E+01	1,81E+02	3,36E+00	1,24E+01	7,98E-06
Oeuf, production conventionnelle, intérieur, cage règles 2012, à la ferme/FR U	Egg, conventional, indoor production, cage 2012 rules, at farm gate/FR U	Agricultural\Animal production\Avian\Transformation	0,409	2,22	1E-07	2,57E-01	6,2E-03	4,63E-07	5,79E-08	2,71E-09	6,66E-02	5,91E-04	1,39E-02	2,92E-01	6,36E+01	1,73E+02	3,22E+00	1,3E+01	8,38E-06
Oeuf, système conventionnel, en plein air, à la ferme/FR U	Egg, conventional, outdoor system, at farm gate/FR U	Agricultural\Animal production\Avian\Transformation	0,473	2,78	1,08E-07	2,43E-01	7,02E-03	5,27E-07	5,81E-08	3,17E-09	7,57E-02	6,64E-04	1,75E-02	3,32E-01	7,33E+01	2,36E+02	3,57E+00	1,32E+01	7,78E-06
Oeuf, système conventionnel, intérieur, au sol, à la ferme/FR U	Egg, conventional, indoor system, non-cage, at farm gate/FR U	Agricultural\Animal production\Avian\Transformation	0,497	2,88	1,22E-07	2,96E-01	7,41E-03	5,61E-07	6,83E-08	3,32E-09	8,06E-02	7,03E-04	1,63E-02	3,52E-01	7,48E+01	2,04E+02	3,75E+00	1,56E+01	1E-05
Oeuf, système conventionnel, intérieur, en cage, à la ferme/FR U	Egg, conventional, indoor system, cage, at farm gate/FR U	Agricultural\Animal production\Avian\Transformation	0,391	2,15	9,66E-08	2,26E-01	6,01E-03	4,38E-07	5,61E-08	2,62E-09	6,31E-02	5,72E-04	1,34E-02	2,76E-01	6,17E+01	1,67E+02	3,12E+00	1,21E+01	7,98E-06
Oignon conventionnel, jour court semé, à la ferme/FR U 	Onion, short day sown, conventional, at farm gate/FR U	Agricultural\Plant production\Vegetables\Transformation	0,028	0,06	7,66E-09	2,61E-02	3,58E-04	6,29E-09	3,72E-09	1,39E-10	1,02E-03	2,7E-05	1,34E-03	3,66E-03	2,16E+00	1,12E+01	1,79E+00	1,09E+00	2,02E-06
Oignon conventionnel, jour long planté, à la ferme/FR U	Onion, long-day planted, conventional, at farm gate/FR U	Agricultural\Plant production\Vegetables\Transformation	0,073	0,15	1,97E-08	7,37E-02	7,81E-04	1,4E-08	8,82E-09	3,27E-10	2,24E-03	6,31E-05	3,91E-03	8,02E-03	4,7E+00	2,71E+01	5,23E+00	2,74E+00	4,51E-06
Oignon conventionnel, jour long semé, à la ferme/FR U	Onion, long-day sown, conventional, at farm gate/FR U	Agricultural\Plant production\Vegetables\Transformation	0,028	0,05	8,02E-09	2,9E-02	2,94E-04	5,26E-09	2,92E-09	1,32E-10	8,42E-04	2,54E-05	1,21E-03	2,99E-03	1,83E+00	1,15E+01	2,07E+00	1,06E+00	1,7E-06
Oignon conventionnel, moyenne nationale, à la ferme/FR U	Onion, national average, at farm/FR U	Agricultural\Plant production\Vegetables\Transformation	0,032	0,07	9,15E-09	3,32E-02	3,49E-04	6,24E-09	3,59E-09	1,52E-10	9,99E-04	2,93E-05	1,49E-03	3,56E-03	2,15E+00	1,31E+01	2,35E+00	1,23E+00	2,01E-06
Palmier à huile, fruit, alimentation animale moyen, animal, à la ferme/MY U	Palm fruit bunch, average, animal feed, at farm gate/MY U	Agricultural\Plant production\Oil seeds\Transformation	0,055	1,06	7,09E-09	5,25E-03	6,86E-04	1,91E-08	1,43E-09	4,03E-10	2,57E-03	2,99E-05	2,91E-03	9,68E-03	1,37E+01	2,25E+01	5,33E-02	8,73E-01	2,37E-06
Palmier à huile, fruit, avec déforestation, sur des terres récemment transformé, alimentation animale, à la ferme/MY U	Palm fruit bunch, with deforestation, on land recently transformed, animal feed, at farm gate/MY U	Agricultural\Plant production\Oil seeds\Transformation	0,068	1,57	7,01E-09	5,17E-03	8,98E-04	1,98E-08	1,39E-09	5,72E-10	2,57E-03	2,96E-05	1,55E-03	9,66E-03	1,38E+01	2,36E+01	5,31E-02	8,55E-01	2,33E-06
Palmier à huile, fruit, sans déforestation, alimentation animale, à la ferme/MY U	Palm fruit bunch, without deforestation, animal feed, at farm gate/MY U	Agricultural\Plant production\Oil seeds\Transformation	0,031	0,11	7,24E-09	5,41E-03	2,84E-04	1,77E-08	1,49E-09	8,41E-11	2,57E-03	3,05E-05	5,49E-03	9,7E-03	1,36E+01	2,06E+01	5,36E-02	9,06E-01	2,44E-06
Pêche conventionnelle, moyenne nationale, au verger/FR U	Peach, conventional, national average, at orchard/FR U	Agricultural\Plant production\Fruits\Transformation	0,128	0,20	2,16E-08	5,95E-02	9,76E-04	2,62E-08	1,8E-08	4,51E-10	2,99E-03	2,98E-05	2,15E-03	1,59E-02	6,76E+00	2,35E+01	1,24E+01	2,58E+00	2,57E-06
Pêche, mix conventionnel et biologique, moyenne nationale, au verger/FR U	Peach, production mix, national average, at orchard/FR U	Agricultural\Plant production\Fruits\Transformation	0,129	0,20	2,17E-08	6,01E-02	9,82E-04	2,61E-08	1,86E-08	4,52E-10	2,98E-03	3E-05	2,18E-03	1,58E-02	6,68E+00	2,38E+01	1,26E+01	2,6E+00	2,62E-06
Petite truite, 250-350g,  conventionnel, à la ferme/FR U	Small trout, 250-350g, conventional, at farm gate/FR U	Agricultural\Animal production\Fish\Transformation	1,430	1,95	2,28E-07	7,31E-01	8,77E-03	1,3E-07	2,35E-08	1,01E-09	1,31E-02	1,14E-02	4,38E-02	4,79E-02	2,91E+01	5,51E+01	1,31E+02	3,38E+01	7,22E-06
Poire conventionnelle, au verger/FR U	Pear, conventional, at orchard/FR U	Agricultural\Plant production\Fruits\Transformation	0,061	0,09	1,52E-08	3,04E-02	5,9E-04	6,79E-09	4,32E-09	2,13E-10	1,07E-03	1,39E-05	5,55E-04	4,89E-03	1,65E+00	1,2E+01	6,28E+00	1,42E+00	1,51E-06
Poire mix conventionnel et biologique, au verger/FR U	Pear, national average, at farm gate/FR U	Agricultural\Plant production\Fruits\Transformation	0,064	0,09	1,53E-08	3,24E-02	6,22E-04	6,69E-09	4,63E-09	2,12E-10	1,07E-03	1,5E-05	5,84E-04	4,89E-03	1,54E+00	1,28E+01	6,63E+00	1,49E+00	1,82E-06
Poire, à la ferme/NL U	Pear, at farm/NL U	Agricultural\Plant production\Fruits\Transformation	0,024	0,05	6,35E-09	5,1E-03	4,74E-04	1,72E-08	4,26E-09	5,93E-10	2,44E-03	2,55E-05	1,73E-04	1,04E-02	2,43E+01	1,63E+01	5,27E-02	6,67E-01	1,1E-06
Poireau conventionnel, automne irrigué, à la ferme/FR U	Autumn irrigated leek, conventional, at farm gate/FR U	Agricultural\Plant production\Vegetables\Transformation	0,073	0,41	3,89E-08	6,11E-02	1,78E-03	6,27E-08	4,9E-08	4,63E-10	4,6E-03	2,17E-05	1,78E-03	3,64E-02	4,24E+00	7,96E+00	2,41E+00	3,13E+00	1,49E-06
Poireau conventionnel, hiver non irrigué, à la ferme/FR U	Leek, winter non-irrigated, conventional, at farm gate/FR U	Agricultural\Plant production\Vegetables\Transformation	0,030	0,21	2,62E-08	1,47E-02	1,16E-03	2,4E-08	1,45E-08	1,98E-10	2,93E-03	2,2E-05	1,53E-03	1,55E-02	5,26E+00	7,53E+00	7,57E-02	1,79E+00	1,41E-06
Poireau conventionnel, moyenne nationale, à la ferme	Leek, national average, at plant/FR U	Agricultural\Plant production\Vegetables\Transformation	0,051	0,29	2,89E-08	3,67E-02	1,39E-03	4,12E-08	3,07E-08	3,26E-10	3,66E-03	2,38E-05	1,6E-03	2,44E-02	7,63E+00	8,03E+00	1,22E+00	2,44E+00	1,53E-06
Poireau conventionnel, précoce planté, à la ferme/FR U	Leek, early planted, conventional, at farm gate/FR U	Agricultural\Plant production\Vegetables\Transformation	0,082	0,38	2,3E-08	7,02E-02	1,53E-03	6,14E-08	5,24E-08	5,11E-10	4,46E-03	3,07E-05	1,53E-03	3,36E-02	1,72E+01	8,77E+00	3,16E+00	3,47E+00	1,9E-06
Poireau conventionnel, précoce semé, à la ferme/FR U	Leek, early sown, conventional, at farm gate/FR U	Agricultural\Plant production\Vegetables\Transformation	0,075	0,38	2,55E-08	5,23E-02	1,5E-03	6,32E-08	5,3E-08	4,91E-10	4,74E-03	3,49E-05	1,72E-03	3,42E-02	2,31E+01	1,23E+01	1,81E+00	2,9E+00	1,98E-06
Pois de printemps, conventionnel, 15% d'humidité, aliment pour animaux, à la ferme, production/FR U	Spring pea, conventional, 15% moisture, animal feed, at farm gate, production/FR U	Agricultural\Plant production\Legumes\Transformation	0,062	0,34	3,98E-08	2,2E-02	1,25E-03	1,15E-08	5,51E-09	8,91E-10	2,16E-03	1,69E-04	8,15E-03	8,87E-03	1,76E+01	1,18E+02	9,08E-01	1,91E+00	1,15E-06
Pois de senteur annuel pour transformation industrielle, conventionnel, moyenne nationale, à la ferme/FR U	Annual vining pea for industry, Conventional, National average, at farm gate/FR U	Agricultural\Plant production\Vegetables\Transformation	0,081	0,40	3,94E-08	1,23E-02	1,86E-03	3,86E-08	1,75E-09	2,92E-10	6,45E-03	8,99E-05	6,03E-03	2,89E-02	9,34E+00	6,92E+01	3,19E+00	2,21E+00	1,03E-06
Pois d'hiver, conventionnel, 15% d'humidité, à la ferme/FR U	Winter pea, conventional, 15% moisture, at farm gate/FR U	Agricultural\Plant production\Legumes\Transformation	0,070	0,38	4,28E-08	2,09E-02	1,37E-03	1,34E-08	5,21E-09	1,36E-09	2,48E-03	2,74E-04	9,66E-03	1,02E-02	1,68E+01	1,41E+02	7,4E-01	2,02E+00	1,27E-06
Poivre noir, conventionnel, à la ferme/VN U	Black pepper, conventional, at farm gate/VN U	Agricultural\Plant production\Fruits\Transformation	0,452	2,74	2,25E-07	2,39E-01	9,91E-03	4,28E-07	3,41E-08	1,17E-09	2,89E-02	4,27E-04	2,33E-02	1,92E-01	5,48E+01	2,39E+02	6,96E+00	2,36E+01	4,27E-05
Pomme à cidre, moyen conventionnel, national, au verger/FR U	Cider apple, conventional, national average, at orchard/FR U	Agricultural\Plant production\Fruits\Transformation	0,016	0,09	1,59E-08	5,6E-03	5,37E-04	3,51E-09	1,85E-08	2,99E-10	7,73E-04	1,44E-05	1,03E-03	3,09E-03	1,85E+00	1,97E+01	1,43E-02	9,18E-01	1,51E-06
Pomme conventionnelle, bâche anti pluie, au verger/FR U	Apple, conventional, rain cover, at orchard/FR U	Agricultural\Plant production\Fruits\Transformation	0,037	0,10	1,74E-08	2,08E-02	8,09E-04	5,62E-09	4,15E-09	2,35E-10	1,05E-03	2,13E-05	4,76E-04	4,06E-03	5,6E+00	1,37E+01	2,8E+00	1,86E+00	1,76E-06
Pomme conventionnelle, moyenne nationale, au verger/FR U	Apple, conventional, national average, at orchard/FR U	Agricultural\Plant production\Fruits\Transformation	0,035	0,09	1,77E-08	1,65E-02	5,64E-04	7,94E-09	5,67E-09	2,36E-10	9,77E-04	1,52E-05	4,4E-04	5,07E-03	6,85E+00	1,2E+01	2,57E+00	1,11E+00	1,46E-06
Pomme conventionnelle, non tolérante à la tavelure, au verger/FR U	Apple, conventional, non scab-tolerant, at orchard/FR U	Agricultural\Plant production\Fruits\Transformation	0,035	0,09	1,81E-08	1,65E-02	5,68E-04	7,98E-09	5,72E-09	2,36E-10	9,84E-04	1,52E-05	4,38E-04	5,09E-03	7,08E+00	1,2E+01	2,56E+00	1,12E+00	1,47E-06
Pomme conventionnelle, plateforme électrique, au verger/FR U	Apple, conventional, electric platform, at orchard/FR U	Agricultural\Plant production\Fruits\Transformation	0,029	0,06	1,51E-08	1,64E-02	4,53E-04	4,75E-09	4,32E-09	2,17E-10	7,71E-04	2,02E-05	3,24E-04	2,64E-03	5,58E+00	1,23E+01	2,03E+00	1,11E+00	2,33E-06
Pomme conventionnelle, système de pulvérisation fixe et plateforme électrique, au verger/FR U	Apple, conventional, fixed spraying system and electric platform, at orchard/FR U	Agricultural\Plant production\Fruits\Transformation	0,028	0,06	1,33E-08	1,59E-02	3,48E-04	4,64E-09	4,28E-09	2,14E-10	6,88E-04	2,02E-05	2,86E-04	2,23E-03	5,55E+00	1,23E+01	2,03E+00	1,04E+00	2,31E-06
Pomme conventionnelle, système de pulvérisation fixe, au verger/FR U	Apple, conventional, fixed spraying system, at orchard/FR U	Agricultural\Plant production\Fruits\Transformation	0,030	0,08	1,86E-08	1,54E-02	6,59E-04	4,94E-09	4,08E-09	2,13E-10	9,29E-04	2E-05	3,96E-04	3,44E-03	5,6E+00	1,23E+01	2,03E+00	1,31E+00	2,04E-06
Pomme conventionnelle, tolérante tavelure, au verger/FR U	Apple, conventional, scab-tolerant, at orchard/FR U	Agricultural\Plant production\Fruits\Transformation	0,034	0,08	1,35E-08	1,63E-02	5,32E-04	7,61E-09	5,25E-09	2,37E-10	9,15E-04	1,45E-05	4,62E-04	4,91E-03	4,76E+00	1,25E+01	2,69E+00	1,02E+00	1,4E-06
Pomme de terre fécule, moyenne conventionnel, national, à la ferme/FR U	Starch potato, conventional, national average, at farm gate/FR U	Agricultural\Plant production\Roots and tubers\Transformation	0,013	0,08	7,43E-09	4,41E-03	3,87E-04	7,17E-09	6,44E-09	1,49E-10	1,17E-03	1,88E-05	8,32E-04	4,95E-03	2,03E+00	1,44E+01	5,07E-02	6,05E-01	5,04E-07
Pomme mix conventionnel et biologique, moyenne nationale, au verger/FR U	Apple, production mix, national average, at orchard/FR U	Agricultural\Plant production\Fruits\Transformation	0,035	0,09	1,77E-08	1,67E-02	5,71E-04	7,94E-09	5,75E-09	2,36E-10	9,85E-04	1,54E-05	4,58E-04	5,09E-03	6,76E+00	1,22E+01	2,61E+00	1,12E+00	1,51E-06
Pommes de terre, conventionnel, à usage industriel, à la ferme/FR U	Ware potato, conventional, for industrial use, at farm gate/FR U	Agricultural\Plant production\Roots and tubers\Transformation	0,018	0,09	8,14E-09	1,1E-02	4,12E-04	8,34E-09	6,93E-09	1,61E-10	1,34E-03	2,12E-05	7,98E-04	5,64E-03	2,27E+00	1,46E+01	6,03E-01	7,95E-01	6,01E-07
Pommes de terre, conventionnel, mélange de variétés, moyenne nationale, à la ferme/FR U	Ware potato, conventional, variety mix, national average, at farm gate/FR U	Agricultural\Plant production\Roots and tubers\Transformation	0,017	0,09	7,98E-09	9,91E-03	4,06E-04	8,1E-09	6,83E-09	1,59E-10	1,31E-03	2,07E-05	8,05E-04	5,49E-03	2,22E+00	1,46E+01	5,12E-01	7,61E-01	5,82E-07
Pommes de terre, conventionnel, pour le marché frais, autres variétés, à la ferme/FR U	Ware potato, conventional, for fresh market, other varieties, at farm gate/FR U	Agricultural\Plant production\Roots and tubers\Transformation	0,019	0,09	8,11E-09	1,15E-02	4,09E-04	8,34E-09	6,92E-09	1,61E-10	1,34E-03	2,12E-05	7,98E-04	5,63E-03	2,27E+00	1,46E+01	6,41E-01	8,03E-01	6,02E-07
Pommes de terre, conventionnel, pour le marché frais, variétés à chair ferme, à la ferme/FR U	Ware potato, conventional, for fresh market, firm flesh varieties, at farm gate/FR U	Agricultural\Plant production\Roots and tubers\Transformation	0,022	0,11	9,64E-09	1,41E-02	4,8E-04	9,14E-09	8,85E-09	1,97E-10	1,47E-03	2,55E-05	9,78E-04	6,15E-03	2,78E+00	1,71E+01	7,96E-01	9,44E-01	6,94E-07
Porc, conventionnal, Bleu Blanc Coeur, à la ferme/FR U	Pig, conventionnal, Bleu Blanc Coeur, at farm gate/FR U	Agricultural\Animal production\Procine\Transformation	0,381	2,61	1,04E-07	2,75E-01	5,17E-03	4,13E-07	3,75E-08	2,48E-09	5,91E-02	3,85E-04	1,51E-02	2,6E-01	4,11E+01	1,97E+02	2,33E+00	1,39E+01	8,06E-06
Porc, conventionnel, fourniture d'aliments à la ferme, à la ferme/FR U	Pig, conventional, on-farm feed supply, at farm gate/FR U	Agricultural\Animal production\Procine\Transformation	0,385	2,84	9,54E-08	2,41E-01	5,88E-03	4,18E-07	4,55E-08	2,67E-09	6,05E-02	5,01E-04	1,5E-02	2,64E-01	5,68E+01	1,9E+02	2,38E+00	1,27E+01	9,32E-06
Porc, conventionnel, nourri au tourteau de colza, à la ferme/FR U	Pig, conventional, fed rapeseed meal, at farm gate/FR U	Agricultural\Animal production\Procine\Transformation	0,382	2,74	1,09E-07	2,63E-01	5,49E-03	4,27E-07	3,47E-08	2,46E-09	6,13E-02	3,76E-04	1,54E-02	2,69E-01	3,95E+01	1,92E+02	1,16E+00	1,42E+01	8,47E-06
Porc, conventionnel, nourri au tourteau de soja, à la ferme/FR U	Pig, conventional, fed soybean meal, at farm gate/FR U	Agricultural\Animal production\Procine\Transformation	0,387	2,95	1,04E-07	2,57E-01	5,98E-03	4,18E-07	3,5E-08	2,58E-09	6,01E-02	4,62E-04	1,51E-02	2,62E-01	4,8E+01	1,88E+02	1,13E+00	1,37E+01	8,63E-06
Porc, conventionnel, traitement des boues excédentaires, à la ferme/FR U	Pig, conventional, excess slurry treatment, at farm gate/FR U	Agricultural\Animal production\Procine\Transformation	0,373	2,73	1,03E-07	2,36E-01	5,65E-03	4,13E-07	3,46E-08	2,48E-09	5,92E-02	4,08E-04	1,49E-02	2,59E-01	4,23E+01	1,85E+02	1,07E+00	1,33E+01	8,46E-06
Porc, Label Rouge, porc avec système d'exécution, à la ferme/FR U	Pig, Label Rouge, pig with run system, at farm gate/FR U	Agricultural\Animal production\Procine\Transformation	0,451	3,61	1,24E-07	2,1E-01	6,76E-03	5,04E-07	3,96E-08	2,57E-09	7,31E-02	4,38E-04	1,6E-02	3,21E-01	4,65E+01	1,94E+02	1,48E+00	1,39E+01	9,07E-06
Porc, Label Rouge, système extérieur, à la ferme/FR U	Pig, Label Rouge, outdoor system, at farm gate/FR U	Agricultural\Animal production\Procine\Transformation	0,530	2,92	1,1E-07	1,82E-01	6E-03	6,22E-07	3,99E-08	2,66E-09	8,97E-02	4,65E-04	2,19E-02	3,95E-01	5,05E+01	5,88E+02	1,55E+00	1,26E+01	8,86E-06
Porc, moyenne conventionnelle, nationale, à la ferme/FR U	Pig, conventional, national average, at farm gate/FR U	Agricultural\Animal production\Procine\Transformation	0,399	2,80	1,02E-07	2,66E-01	5,66E-03	4,16E-07	3,97E-08	2,43E-09	5,97E-02	4,29E-04	1,42E-02	2,61E-01	4,85E+01	1,76E+02	1,91E+00	1,37E+01	8,47E-06
Poule de réforme, conventionnel, intérieur, au sol, à la ferme/FR U	Cull hen, conventional, indoor system, non-cage, at farm gate/FR U	Agricultural\Animal production\Avian\Transformation	0,900	6,34	3,65E-07	7,95E-01	1,44E-02	9,02E-07	9,85E-08	6,32E-09	1,3E-01	1,23E-03	2,76E-02	5,59E-01	1,3E+02	3,44E+02	5,61E+00	5,41E+01	2,17E-05
Poule de réforme, conventionnel, intérieur, cage règles 2012, à la ferme/FR U	Cull hen, conventional, indoor production, cage 2012 rules, at farm gate/FR U	Agricultural\Animal production\Avian\Transformation	2,249	13,86	6,36E-07	1,14E+00	3,22E-02	2,58E-06	2,37E-07	1,41E-08	3,73E-01	2,9E-03	7,14E-02	1,63E+00	3,21E+02	8,57E+02	1,41E+01	8,22E+01	4,5E-05
Poule de réforme, conventionnel, intérieur, en cage, à la ferme/FR U	Cull hen, conventional, indoor system, cage, at farm gate/FR U	Agricultural\Animal production\Avian\Transformation	0,805	5,70	3,31E-07	7,24E-01	1,29E-02	8,01E-07	8,82E-08	5,68E-09	1,15E-01	1,1E-03	2,47E-02	4,96E-01	1,16E+02	3,07E+02	5,01E+00	4,92E+01	1,95E-05
Poule de réforme, conventionnel, moyenne nationale, à la ferme/FR U	Cull hen, conventional, national average, at farm gate/FR U	Agricultural\Animal production\Avian\Transformation	0,819	5,80	3,36E-07	7,35E-01	1,31E-02	8,16E-07	8,98E-08	5,77E-09	1,17E-01	1,12E-03	2,51E-02	5,05E-01	1,18E+02	3,12E+02	5,1E+00	4,99E+01	1,98E-05
Poule de réforme, conventionnel, système extérieur, à la ferme/FR U	Cull hen, conventional, outdoor system, at farm gate/FR U	Agricultural\Animal production\Avian\Transformation	0,892	6,28	3,62E-07	7,88E-01	1,42E-02	8,94E-07	9,77E-08	6,27E-09	1,29E-01	1,21E-03	2,74E-02	5,54E-01	1,29E+02	3,4E+02	5,56E+00	5,36E+01	2,15E-05
Poulet, Bleu Blanc Coeur, à la ferme/FR U	Broiler, Bleu Blanc Coeur, at farm gate/FR U	Agricultural\Animal production\Avian\Transformation	0,317	1,94	9,72E-08	1,35E-01	4,76E-03	3,24E-07	4,02E-08	2,31E-09	4,71E-02	4,4E-04	1,29E-02	2,06E-01	4,9E+01	1,72E+02	2,62E+00	1,12E+01	6,75E-06
Poulet, conventionnel, à la ferme/FR U	Broiler, conventional, at farm gate/FR U	Agricultural\Animal production\Avian\Transformation	0,364	2,57	1,16E-07	1,83E-01	6,55E-03	3,41E-07	6,37E-08	2,78E-09	4,89E-02	6,15E-04	1,32E-02	2,11E-01	6,59E+01	1,69E+02	3,07E+00	1,36E+01	8,71E-06
Poulet, Label Rouge, à la ferme/FR U	Broiler, Label Rouge, at farm gate/FR U	Agricultural\Animal production\Avian\Transformation	0,550	3,72	1,76E-07	2,38E-01	9,01E-03	5,49E-07	6,74E-08	3,98E-09	7,95E-02	8,19E-04	2,13E-02	3,45E-01	9,02E+01	2,71E+02	4,03E+00	2,07E+01	1,22E-05
Poulet, moyenne nationale, à la ferme/FR U	Broiler, national average, at farm gate/FR U	Agricultural\Animal production\Avian\Transformation	0,388	2,71	1,23E-07	1,9E-01	6,86E-03	3,67E-07	6,77E-08	2,96E-09	5,28E-02	6,4E-04	1,42E-02	2,28E-01	6,86E+01	1,83E+02	3,25E+00	1,45E+01	9,13E-06
Production de racine d'endive conventionnelle, précoce, à la ferme FR U	Chicory witloof, early, conventional, root production, at farm gate/FR U	Agricultural\Plant production\Vegetables\Transformation	0,030	0,13	1,8E-08	1,1E-02	7,73E-04	2,82E-09	3,16E-09	2,1E-10	7,3E-04	2,66E-05	1,62E-03	2,88E-03	1,51E+01	2,57E+01	1,29E+00	1,39E+00	8,29E-07
Production de racine d'endive conventionnelle, saison, à la ferme FR U	Chicory witloof, season, conventional, root production, at farm gate/FR U	Agricultural\Plant production\Vegetables\Transformation	0,017	0,10	1,18E-08	6,48E-03	4,9E-04	4,84E-09	2,23E-09	1,35E-10	9,21E-04	1,76E-05	1,26E-03	3,92E-03	1,03E+01	1,84E+01	1,58E-01	7,56E-01	5,39E-07
Production de racine d'endive conventionnelle, tardive, à la ferme FR U	Chicory witloof, late, conventional, root production, at farm gate/FR U	Agricultural\Plant production\Vegetables\Transformation	0,015	0,09	1,06E-08	5,78E-03	4,42E-04	4,3E-09	1,97E-09	1,23E-10	8,25E-04	1,61E-05	1,13E-03	3,52E-03	9,4E+00	1,72E+01	1,44E-01	6,73E-01	4,68E-07
Quinoa FR, conventionnel, à la ferme/FR U	Quinoa FR, conventional, at farm gate/FR U	Agricultural\Plant production\Cereals\Transformation	1,110	7,23	2,18E-07	1,16E-01	7,66E-03	1,47E-07	1,37E-07	3,46E-09	2,19E-02	5,34E-04	9E-02	8,36E-02	5,63E+01	2,58E+02	7,21E+01	2,41E+01	4,53E-05
Racines de chicorée, conventionnel, à la ferme/FR U	Chicory roots, conventional, at farm gate/FR U	Agricultural\Plant production\Vegetables\Transformation	0,012	0,07	9,9E-09	5,22E-03	2,57E-04	4,53E-09	1,27E-08	3,64E-10	4,87E-04	1,94E-05	5,57E-04	1,16E-03	1,24E+00	1,12E+01	3,93E-02	7,54E-01	1,57E-06
Raisin pour du jus, conventionnel, à la ferme/US U	Grapefruit for juice, conventional, at farm gate/US U	Agricultural\Plant production\Fruits\Transformation	0,467	0,35	6,09E-08	2,2E-02	1,75E-03	2,09E-08	3,31E-08	3,55E-10	3,77E-03	1,37E-04	3,1E-03	1,12E-02	1,93E+02	2,92E+01	4,5E+01	4,19E+00	2,15E-05
Raisin, intégré, mélange français/FR U	Grape, integrated, french mix/FR U	Agricultural\Plant production	0,087	0,39	3,96E-08	2,9E-02	2,18E-03	5,57E-08	7,37E-08	2,14E-09	5,49E-03	1,51E-04	3,81E-03	2,66E-02	1,33E+01	5,49E+01	1,24E-01	3,78E+00	1,37E-05
Raisin, production intégrée, AOC Beaujolais, au vignoble/FR U	Grape, integrated, AOC, Beaujolais, at vineyard/FR U	Agricultural\Plant production\Fruits\Transformation	0,140	0,61	7,86E-08	5E-02	3,99E-03	8,88E-08	9,36E-08	3,63E-09	9,12E-03	2,48E-04	3,03E-03	3,7E-02	3,63E+01	7,28E+01	2,95E-01	7,32E+00	2,43E-05
Raisin, production intégrée, mélange de variétés, Languedoc-Roussillon, au vignoble/FR U	Grape, integrated, variety mix, Languedoc-Roussillon, at vineyard/FR U	Agricultural\Plant production\Fruits\Transformation	0,086	0,38	3,83E-08	2,83E-02	2,12E-03	5,47E-08	7,31E-08	2,1E-09	5,38E-03	1,48E-04	3,85E-03	2,62E-02	1,25E+01	5,44E+01	1,19E-01	3,66E+00	1,33E-05
riz Jasmine, moyenne nationale, à la ferme/TH U	Jasmine rice, national average, at farm gate/TH U	Agricultural\Plant production\Cereals\Transformation	0,518	3,60	7,6E-08	3,02E-02	3,85E-03	3,71E-07	1,42E-08	2,62E-10	5,36E-02	4,98E-03	3,95E-02	2,35E-01	8,37E+00	7,06E+01	9,76E+00	7,63E+00	5,62E-06
Riz thaï, Nord, irrigué, Dry en saison, à la ferme/TH U	Jasmine rice, North, Irrigated, Dry season, at farm gate/TH U	Agricultural\Plant production\Cereals\Transformation	0,606	3,06	6,19E-08	2,42E-02	3,27E-03	2,73E-07	1,15E-08	2,04E-10	3,96E-02	4,98E-03	3,61E-02	1,74E-01	4,82E+00	5,18E+01	3,13E+01	6,06E+00	4,32E-06
Riz thaï, Nord, irrigué, Wet en saison, à la ferme/TH U	Jasmine rice, North, Irrigated, Wet season, at farm gate/TH U	Agricultural\Plant production\Cereals\Transformation	0,503	4,95	5,05E-08	2E-02	3,47E-03	2,51E-07	1,35E-08	1,71E-10	3,63E-02	4,75E-03	3,47E-02	1,59E-01	3,76E+00	4,79E+01	1,27E+01	5,07E+00	3,65E-06
Riz thaï, Nord, Rainnourri, Wet en saison, à la ferme/TH U	Jasmine rice, North, Rainfed, Wet season, at farm gate/TH U	Agricultural\Plant production\Cereals\Transformation	0,428	4,14	5,9E-08	2,37E-02	3,46E-03	2,96E-07	1,36E-08	2,1E-10	4,27E-02	5,28E-03	3,86E-02	1,87E-01	4,73E+00	5,64E+01	5,03E-01	5,96E+00	4,35E-06
Riz thaï, Nord-Est, irrigué, Dry en saison, à la ferme/TH U	Jasmine rice, North East, Irrigated, Dry season, at farm gate/TH U	Agricultural\Plant production\Cereals\Transformation	1,115	6,31	1,02E-07	3,95E-02	6,05E-03	4,3E-07	2,14E-08	3,27E-10	6,25E-02	7,54E-03	5,48E-02	2,74E-01	1,23E+01	8,16E+01	6,59E+01	9,84E+00	6,84E-06
Riz thaï, Nord-Est, irrigué, Wet en saison, à la ferme/TH U	Jasmine rice, North East, Irrigated, Wet season, at farm gate/TH U	Agricultural\Plant production\Cereals\Transformation	0,639	5,24	7,52E-08	3,01E-02	4,35E-03	3,59E-07	1,64E-08	2,58E-10	5,19E-02	5,61E-03	4,08E-02	2,28E-01	8,53E+00	6,81E+01	1,88E+01	7,59E+00	5,68E-06
Riz thaï, Nord-Est, Rainnourri, Wet en saison, à la ferme/TH U	Jasmine rice, North East, Rainfed, Wet season, at farm gate/TH U	Agricultural\Plant production\Cereals\Transformation	0,436	2,96	7,86E-08	3,13E-02	3,67E-03	3,93E-07	1,36E-08	2,74E-10	5,68E-02	4,64E-03	3,87E-02	2,49E-01	8,97E+00	7,49E+01	6,61E-01	7,93E+00	5,89E-06
Saithe, Mer du Nord, Chalut de fond, moyenne, congelés, au débarquement/FR U	Saithe, NorthSea, Bottom Trawl, average, frozen, at landing/FR U	Agricultural\Animal production\Fish\Transformation	0,761	4,24	1,13E-06	2,46E-01	9,28E-02	1,02E-06	1,4E-08	2,57E-09	1,35E-01	1,24E-04	3,25E-02	3,56E-01	1,61E+01	7,42E+00	1,08E-01	5,47E+01	1,44E-05
Saithe, Mer du Nord, Chalut de fond, moyenne, frais, au débarquement/UE U	Saithe, NorthSea, Bottom Trawl, average, fresh, at landing/EU U	Agricultural\Animal production\Fish\Transformation	0,391	2,07	4,88E-07	1,26E-01	4,79E-02	5,25E-07	7,69E-09	1,34E-09	6,97E-02	6,54E-05	1,68E-02	1,84E-01	8,38E+00	3,77E+00	4,55E-02	2,79E+01	9,23E-06
Sardine européenne, BBiscay, Seine, moyenne, au débarquement/FR U	European Pilchard, BBiscay, Seine, average, at landing/FR U	Agricultural\Animal production\Fish\Transformation	0,067	0,34	7,51E-08	2,1E-02	7,8E-03	8,54E-08	2,43E-09	2,31E-10	1,14E-02	1,65E-05	2,73E-03	2,98E-02	1,53E+00	7,36E-01	1,39E-02	4,65E+00	3,42E-06
Sardine européenne, la CEA, la Seine, moyenne, au débarquement/FR U	European Pilchard, ECA, Seine, average, at landing/FR U	Agricultural\Animal production\Fish\Transformation	0,027	0,14	3,03E-08	8,49E-03	3,22E-03	3,54E-08	8,32E-10	9,42E-11	4,69E-03	5,91E-06	1,13E-03	1,24E-02	6,16E-01	3,72E-01	4,76E-03	1,89E+00	1,37E-06
Saumon issu d'aquaculture, conventionnel, à la ferme/NO U	Salmon farmed, conventional, at farm gate/NO U	Agricultural\Animal production\Fish\Transformation	0,358	2,78	2,41E-07	3,79E-01	1,15E-02	1,74E-07	7,88E-08	3,06E-09	2,08E-02	7,89E-04	3,87E-02	8,57E-02	4,57E+01	1,66E+02	4,69E-01	2,73E+01	3,13E-05
Soja, moyenne nationale, aliment pour animaux, à la ferme/FR U	Soybean, national average, animal feed, at farm gate/FR U	Agricultural\Plant production\Legumes\Transformation	0,069	0,46	2,86E-08	9,72E-03	1,1E-03	1,54E-08	3,62E-09	1,38E-09	2,66E-03	2,91E-04	9,4E-03	1,09E-02	6,13E+00	2,02E+02	3,1E-02	1,49E+00	1,12E-06
Sole commune, BBiscay, trémail, moyenne, au débarquement/FR U	Common Sole, BBiscay, Trammel Net, average, at landing/FR U	Agricultural\Animal production\Fish\Transformation	0,450	2,15	4,33E-07	1,25E-01	4,52E-02	4,98E-07	4,34E-08	1,82E-09	6,64E-02	1,51E-04	1,59E-02	1,73E-01	1,37E+01	4,46E+00	2,18E-01	2,95E+01	5,87E-05
Sorgho ensilage, moyenne nationale, alimentation animale, à la ferme/FR U	Silage sorghum, national average, animal feed, at farm gate/FR U	Agricultural\Plant production\Roughage\Transformation	0,039	0,19	1,75E-08	1,23E-02	8,47E-04	2,19E-08	1,06E-09	9,92E-10	3,59E-03	1,78E-04	3,31E-03	1,58E-02	3,05E+00	5,76E+01	4,99E-01	1,13E+00	5,92E-07
Sorgho, conventionnel, moyenne nationale, alimentation animale, à la ferme/FR U	Sorghum grain, conventional, national average, animal feed, at farm gate/FR U	Agricultural\Plant production\Roughage\Transformation	0,060	0,40	2,71E-08	2,08E-02	1,09E-03	1,98E-08	1,47E-09	1,3E-09	3,3E-03	2,7E-04	4,95E-03	1,36E-02	5,74E+00	1,06E+02	9,66E-01	1,99E+00	1,46E-06
Taurillon allaitant, conventionnel, système d'engraissement, moins de 1.2 UGB par ha, à la ferme/FR U	Young suckler bull, conventional, fattening system, less than 1.2 LU per ha, at farm gate/FR U	Agricultural\Animal production\Bovine\Transformation	1,647	16,80	3,43E-07	4,39E-01	2,35E-02	1,57E-06	3,42E-07	9,05E-09	2,33E-01	1,14E-03	4,39E-02	1,03E+00	9,3E+01	1,47E+03	3,47E+00	3,61E+01	3,35E-05
Taurillon allaitant, conventionnel, système d'engraissement, plus de 1.2 UGB par ha, à la ferme/FR U	Young suckler bull, conventional, fattening system, more than 1.2 LU per ha, at farm gate/FR U	Agricultural\Animal production\Bovine\Transformation	1,491	15,12	3,52E-07	3,91E-01	2,23E-02	1,47E-06	3,44E-07	7,83E-09	2,19E-01	1,01E-03	5,39E-02	9,67E-01	1,1E+02	8,34E+02	3,03E+00	3,19E+01	2,5E-05
Taurillon laitier, conventionnel, système d'engraissement, à la ferme/FR U	Young dairy bull, conventional, fattening system, at farm gate/FR U	Agricultural\Animal production\Bovine\Transformation	0,782	7,63	1,75E-07	2,33E-01	1,34E-02	7,13E-07	1,68E-07	5,32E-09	1,06E-01	1,07E-03	2,74E-02	4,58E-01	1,12E+02	3,43E+02	1,95E+00	1,66E+01	2,62E-05
Thon albacore, AEN, chalut pélagique, moyenne, au débarquement/FR U	Albacore, NEA, Pelagic trawl, average, at landing/FR U	Agricultural\Animal production\Fish\Transformation	0,801	4,19	9,5E-07	2,59E-01	9,99E-02	1,09E-06	1,52E-08	2,61E-09	1,45E-01	1,01E-04	3,5E-02	3,83E-01	1,69E+01	7,75E+00	7,82E-02	5,76E+01	1,24E-05
Thon Albacore, la CEA, la Seine, moyenne, au débarquement/CI U	Yellowfin Tuna, ECA, Seine, average, at landing/CI U	Agricultural\Animal production\Fish\Transformation	0,361	1,89	4,13E-07	1,2E-01	4,37E-02	4,78E-07	9,55E-09	1,27E-09	6,36E-02	7,58E-05	1,53E-02	1,67E-01	8,02E+00	3,61E+00	8,01E-02	2,59E+01	1,07E-05
Thon Listao, la CEA, la Seine, moyenne, au débarquement/CI U	Skipjack Tuna, ECA, Seine, average, at landing/CI U	Agricultural\Animal production\Fish\Transformation	0,359	1,88	4,11E-07	1,19E-01	4,34E-02	4,76E-07	9,4E-09	1,27E-09	6,33E-02	7,39E-05	1,52E-02	1,67E-01	7,96E+00	3,58E+00	7,81E-02	2,57E+01	1,04E-05
Thon rouge, MEDSEA, palangre, moyenne, au débarquement/FR U	Bluefin Tuna, MedSea, Longline, average, at landing/FR U	Agricultural\Animal production\Fish\Transformation	0,414	1,81	3,35E-07	1,08E-01	3,43E-02	3,86E-07	4,8E-08	2,07E-09	5,16E-02	3,47E-04	1,2E-02	1,31E-01	1,13E+01	5,51E+00	2,06E-01	2,4E+01	9,09E-05
Thon rouge, MEDSEA, Seine, moyenne, à la ferme/FR U	Bluefin Tuna, MedSea, Seine, average, at cage gate/FR U	Agricultural\Animal production\Fish\Transformation	0,259	1,06	1,82E-07	6,64E-02	1,84E-02	2,08E-07	3,44E-08	1,72E-09	2,79E-02	2,83E-04	6,46E-03	6,98E-02	8,63E+00	3,55E+00	1,98E-01	1,39E+01	7,19E-05
Tomate conventionnelle, calibre inermédiaire, sol sous abri non chauffé, à la ferme/FR U	Tomato, medium size, conventional, soil based, non-heated greenhouse, at greenhouse/FR U	Agricultural\Plant production\Vegetables\Transformation	0,028	0,15	1,72E-08	2,96E-02	4,29E-04	1E-08	9,76E-09	2,73E-10	1,24E-03	2,35E-05	7,36E-04	4,8E-03	1,24E+00	-3,17E+00	1,34E+00	2,78E+00	2E-06
Tomate conventionnelle, calibre intermédiaire, sous abri chauffé, à la ferme	Tomato, medium size, conventional, heated greenhouse, at greenhouse/FR U	Agricultural\Plant production\Vegetables\Transformation	0,122	1,67	2,71E-07	1,29E-01	2,37E-03	4,23E-08	5,02E-09	5,92E-10	4,06E-03	3,85E-04	1,98E-03	9,47E-03	2,97E+00	-1,14E-01	9,22E-01	2,63E+01	4,68E-06
Tomate conventionnelle, panier moyen, serre chauffée, moyenne nationale, à la ferme/FR U	Tomato, average basket, conventional, heated greenhouse, national average, at greenhouse/FR U	Agricultural\Plant production\Vegetables\Transformation	0,173	2,36	3,83E-07	1,82E-01	3,34E-03	5,97E-08	7,08E-09	8,35E-10	5,73E-03	5,43E-04	2,8E-03	1,34E-02	4,19E+00	-1,61E-01	1,3E+00	3,72E+01	6,61E-06
Tomate conventionnelle, panier moyen, sol sous abri non chauffé, moyenne nationale, à la ferme/FR U	Tomato, average basket, conventional, soil based, non-heated greenhouse, at greenhouse/FR U	Agricultural\Plant production\Vegetables\Transformation	0,029	0,16	1,78E-08	3,07E-02	4,45E-04	1,04E-08	1,02E-08	2,83E-10	1,28E-03	2,44E-05	7,68E-04	4,98E-03	1,29E+00	-3,29E+00	1,39E+00	2,89E+00	2,08E-06
Tomate conventionnelle, serre ancienne, gaz naturel, sans recyclage des drainage, à la ferme /FR U	Tomato, conventional, old glasshouse, natural gas, no runoff recycling, at farm gate/FR U	Agricultural\Plant production\Vegetables\Transformation	0,156	1,91	3,04E-07	1,46E-01	2,41E-03	2,57E-08	4,44E-09	6,94E-10	3,11E-03	1,21E-03	4,21E-03	9,35E-03	3,87E+00	-6,22E-01	1,61E+00	3,12E+01	4,98E-06
Tomate conventionnelle, serre récente, biomasse et gaz naturel, recyclage des drainages, à la ferme/FR U	Tomato, conventional, new glasshouse, biomass and natural gas, runoff recycling, at farm gate/FR U	Agricultural\Plant production\Vegetables\Transformation	0,116	0,68	5,09E-08	1,73E-01	4,73E-03	2,06E-07	2,57E-08	9,71E-10	4,5E-03	2,64E-04	1,65E-03	1,64E-02	3,69E+00	4,93E+01	9,53E-01	9,59E+00	1,05E-05
Tomate conventionnelle, serre récente, énergie fatale et gaz naturel, avec recyclage des drainages, à la ferme/FR U	Tomato, conventional, new glasshouse, unavoidable energy and natural gas, runoff recycling, at farm gate/FR U	Agricultural\Plant production\Vegetables\Transformation	0,060	0,61	6,6E-08	1,31E-01	1,09E-03	1,75E-08	1,11E-08	5,32E-10	1,89E-03	1,75E-04	5,55E-04	4,43E-03	2,66E+00	-2,71E-01	9,04E-01	9,87E+00	6,78E-06
Tomate conventionnelle, serre récente, gaz naturel, avec recyclage des drainages, à la ferme/FR U	Tomato, conventional, new glasshouse, natural gas, runoff recycling, at farm gate/FR U	Agricultural\Plant production\Vegetables\Transformation	0,107	1,62	2,59E-07	1,09E-01	1,99E-03	1,92E-08	3,49E-09	5,32E-10	2,53E-03	1,23E-04	7,85E-04	7,86E-03	2,64E+00	-5,14E-01	9,11E-01	2,62E+01	4,05E-06
Tomate conventionnelle, serre récente, gaz naturel, avec recyclage des drainages, empreinte eau, à la ferme/FR U	Tomato, conventional, new glasshouse, natural gas, runoff recycling, with water footprint, at farm gate/FR U	Agricultural\Plant production\Vegetables\Transformation	0,107	1,62	2,59E-07	1,09E-01	1,99E-03	1,92E-08	3,49E-09	5,32E-10	2,53E-03	1,23E-04	7,85E-04	7,86E-03	2,64E+00	-5,14E-01	9,05E-01	2,62E+01	4,05E-06
Tomate conventionnelle, serre récente, gaz naturel, sans recyclage des drainages, à la ferme/FR U	Tomato, conventional, new glasshouse, natural gas, no runoff recycling, at farm gate/FR U	Agricultural\Plant production\Vegetables\Transformation	0,112	1,61	2,59E-07	1,11E-01	1,98E-03	1,97E-08	3,4E-09	5,38E-10	2,48E-03	2,74E-04	1,24E-03	7,55E-03	2,97E+00	-4,57E-01	1,22E+00	2,62E+01	3,78E-06
Tomate conventionnelle, serre récente, gaz naturel, sans recyclage des drainages, empreinte eau, à la ferme/FR U	Tomato, conventional, new glasshouse, natural gas, no runoff recycling, with water footprint, at farm gate/FR U	Agricultural\Plant production\Vegetables\Transformation	0,112	1,61	2,59E-07	1,11E-01	1,98E-03	1,97E-08	3,4E-09	5,38E-10	2,48E-03	2,74E-04	1,24E-03	7,55E-03	2,97E+00	-4,57E-01	1,16E+00	2,62E+01	3,78E-06
Tomate conventionnelle, serre semi fermée, énergie fatale et biomasse, avec CO2 liquide, avec recyclage des drainages, à la ferme/FR U	Tomato, conventional, new closed glasshouse,  unavoidable energy and biomass, runoff recycling, at farm gate/FR U	Agricultural\Plant production\Vegetables\Transformation	0,078	0,56	3,46E-08	2,92E-01	1,75E-03	5,15E-08	1,98E-08	6,81E-10	2,76E-03	2,33E-04	7,81E-04	7,12E-03	3,12E+00	8,49E+00	8,85E-01	1,08E+01	1,09E-05
Tomate conventionnelle, serre semi fermée, énergie fatale et biomasse, sans CO2 liquide, avec recyclage des drainages, à la ferme/FR U	Tomato, conventional, new closed glasshouse,  unavoidable energy and biomass, no liquid CO2, runoff recycling, at farm gate/FR U	Agricultural\Plant production\Vegetables\Transformation	0,051	0,21	1,72E-08	2,81E-01	1,41E-03	5,37E-08	4,75E-09	5,07E-10	1,95E-03	1,32E-04	6,51E-04	6,38E-03	2,43E+00	8,86E+00	9,45E-01	7,94E+00	4,52E-06
Tomate mix conventionnel et biologique, sous abri, moyenne nationale, à la ferme/FR U	Tomato, production mix, greenhouse production, national average, at greenhouse/FR U	Agricultural\Plant production\Vegetables\Transformation	0,171	2,33	3,78E-07	1,8E-01	3,3E-03	5,9E-08	7,49E-09	8,31E-10	5,67E-03	5,35E-04	2,77E-03	1,33E-02	4,14E+00	-2,32E-01	1,3E+00	3,67E+01	6,54E-06
Tourteau, 1 kg de produit, au débarquement/FR U	Brown crab, 1 kg of product, at landing/FR U	Agricultural\Animal production\Seafood\Transformation	0,504	2,53	5,25E-07	4,76E-01	3,36E-02	3,89E-07	5,2E-08	4,1E-09	5,01E-02	7,75E-04	1,17E-02	1,25E-01	1,8E+01	9,58E+00	4,17E-01	4,26E+01	1,17E-04
Tourteau, 1 kg de produit, au débarquement/GB U	Brown crab, 1 kg of product, at landing/GB U	Agricultural\Animal production\Seafood\Transformation	0,887	4,56	9,28E-07	5,26E-01	5,97E-02	6,88E-07	9,25E-08	7,28E-09	8,92E-02	1,38E-03	2,07E-02	2,22E-01	3,18E+01	1,8E+01	7,88E-01	6,95E+01	2,09E-04
Tourteau, 1 kg de produit, au débarquement/IE U	Brown crab, 1 kg of product, at landing/IE U	Agricultural\Animal production\Seafood\Transformation	0,798	4,16	8,36E-07	3,62E-01	5,37E-02	6,18E-07	8,34E-08	6,55E-09	8,03E-02	1,25E-03	1,86E-02	2E-01	2,87E+01	1,52E+01	7,2E-01	6,18E+01	1,88E-04
Triticale, conventionnel, moyenne nationale, alimentation animale, à la ferme, production/FR U	Triticale grain, conventional, national average, animal feed, at farm gate, production/FR U	Agricultural\Plant production\Cereals\Transformation	0,071	0,54	3,19E-08	1,18E-02	1,64E-03	3,94E-08	1,7E-08	1,06E-09	6,48E-03	1,71E-04	7,22E-03	2,87E-02	2,8E+00	1,02E+02	9,4E-02	2,54E+00	2,07E-06
Truie de réforme, conventionnel, fourniture d'aliments à la ferme, à la ferme/FR U	Cull sow, conventional, on-farm feed supply, at farm gate/FR U	Agricultural\Animal production\Procine\Transformation	1,666	11,50	4,32E-07	2,03E+00	2,26E-02	1,78E-06	1,65E-07	1,13E-08	2,59E-01	1,84E-03	6,46E-02	1,13E+00	1,51E+02	8,53E+02	6,15E+00	7,7E+01	4,58E-05
Truie de réforme, conventionnel, moyenne nationale, à la ferme/FR U	Cull sow, conventional, national average, at farm gate/FR U	Agricultural\Animal production\Procine\Transformation	1,614	11,26	4,61E-07	2,01E+00	2,25E-02	1,66E-06	1,67E-07	1,05E-08	2,38E-01	1,81E-03	5,81E-02	1,04E+00	1,74E+02	7,7E+02	1,03E+01	7,73E+01	4,21E-05
Truie de réforme, conventionnel, nourri au tourteau de colza, à la ferme/FR U	Cull sow, conventional, fed rapeseed meal, at farm gate/FR U	Agricultural\Animal production\Procine\Transformation	1,545	10,89	4,63E-07	1,97E+00	2,11E-02	1,66E-06	1,31E-07	9,63E-09	2,38E-01	1,52E-03	5,85E-02	1,04E+00	1,37E+02	7,59E+02	6,69E+00	7,65E+01	3,89E-05
Truie de réforme, conventionnel, nourri au tourteau de soja, à la ferme/FR U	Cull sow, conventional, fed soybean meal, at farm gate/FR U	Agricultural\Animal production\Procine\Transformation	1,593	11,74	4,51E-07	2E+00	2,33E-02	1,61E-06	1,55E-07	1,02E-08	2,31E-01	1,88E-03	5,51E-02	1E+00	1,87E+02	7,16E+02	9,54E+00	7,7E+01	4,11E-05
Truie de réforme, conventionnel, traitement des boues excédentaires, à la ferme/FR U	Cull sow, conventional, excess slurry treatment, at farm gate/FR U	Agricultural\Animal production\Procine\Transformation	1,577	11,09	4,43E-07	1,91E+00	2,21E-02	1,68E-06	1,46E-07	1,03E-08	2,41E-01	1,66E-03	5,85E-02	1,05E+00	1,5E+02	7,68E+02	7,56E+00	7,48E+01	4,07E-05
Truie de réforme, Label Rouge, Porc with run système, à la ferme/FR U	Cull sow, Label Rouge, pig with run system, at farm gate/FR U	Agricultural\Animal production\Procine\Transformation	1,649	11,66	4,27E-07	1,97E+00	2,25E-02	1,77E-06	1,51E-07	1,05E-08	2,55E-01	1,71E-03	6,04E-02	1,12E+00	1,52E+02	7,91E+02	8,13E+00	7,49E+01	4,08E-05
Truie de réforme, Label Rouge, système extérieur, à la ferme/FR U	Cull sow, Label Rouge, outdoor system, at farm gate/FR U	Agricultural\Animal production\Procine\Transformation	1,609	9,22	4,06E-07	6,32E-01	2,04E-02	1,67E-06	1,43E-07	1,03E-08	2,42E-01	1,7E-03	9,26E-02	1,06E+00	1,56E+02	1,65E+03	8,84E+00	4,45E+01	3,23E-05
Vache allaitante de réforme, conventionnel, vache allaitante système, moins de 1.2 UGB par ha, à la ferme/FR U	Suckler cull cow, conventional, suckler cow system, less than 1.2 LU per ha, at farm gate/FR U	Agricultural\Animal production\Bovine\Transformation	1,798	18,73	3,52E-07	4,96E-01	2,6E-02	1,7E-06	3,34E-07	9,36E-09	2,53E-01	9,85E-04	4,57E-02	1,12E+00	4,55E+01	1,98E+03	3E+00	4,11E+01	3,35E-05
Vache allaitante de réforme, conventionnel, vache allaitante système, plus de 1.2 UGB par ha, à la ferme/FR U	Suckler cull cow, conventional, suckler cow system, more than 1.2 LU per ha, at farm gate/FR U	Agricultural\Animal production\Bovine\Transformation	1,511	15,86	3,65E-07	4,51E-01	2,2E-02	1,52E-06	2,94E-07	6,28E-09	2,27E-01	5,72E-04	5,69E-02	1,01E+00	4,62E+01	9,63E+02	2,95E+00	3,51E+01	1,82E-05
Vache de réforme, conventionnel, système laitier de montagne, grass nourri, à la ferme/FR U	Cull cow, conventional, highland milk system, grass fed, at farm gate/FR U	Agricultural\Animal production\Bovine\Transformation	1,257	13,58	3,04E-07	2,28E-01	1,95E-02	1,21E-06	1,99E-07	5,85E-09	1,8E-01	6,54E-04	2,91E-02	7,95E-01	3,11E+01	1,2E+03	2,72E+00	3,01E+01	2,23E-05
Vache de réforme, conventionnel, système laitier de plaine, ensillage de maïs 10 à 30%, à la ferme/FR U	Cull cow, conventional, lowland milk system, silage maize 10 to 30%, at farm gate/FR U	Agricultural\Animal production\Bovine\Transformation	1,045	10,69	2,31E-07	2,08E-01	1,62E-02	1,03E-06	2,05E-07	5,06E-09	1,54E-01	6,42E-04	3,57E-02	6,79E-01	5,95E+01	5,99E+02	3,31E+00	2,06E+01	2,16E-05
Vache de réforme, conventionnel, système laitier de plaine, ensillage de maïs 5 à 10%, à la ferme/FR U	Cull cow, conventional, lowland milk system, silage maize 5 to 10%, at farm gate/FR U	Agricultural\Animal production\Bovine\Transformation	1,231	11,82	1,95E-07	1,87E-01	1,77E-02	1,36E-06	2,57E-07	5,07E-09	2,03E-01	4,54E-04	4,07E-02	9E-01	2,67E+01	7,82E+02	2,07E+00	1,69E+01	2E-05
Vache de réforme, conventionnel, système laitier de plaine, ensillage de maïs plus de 30%, à la ferme/FR U	Cull cow, conventional, lowland milk system, silage maize more than 30%, at farm gate/FR U	Agricultural\Animal production\Bovine\Transformation	0,814	8,68	1,95E-07	1,66E-01	1,36E-02	7,5E-07	1,55E-07	4,17E-09	1,13E-01	5,37E-04	3,03E-02	4,97E-01	4,64E+01	5,29E+02	2,37E+00	1,71E+01	1,86E-05
Veau conventionnel, système d'engraissement, calves from système laitier de plaine, à la ferme/FR U	Veal, conventional, fattening system, calves from lowland milk system, at farm gate/FR U	Agricultural\Animal production\Bovine\Transformation	0,957	9,95	2,9E-07	4,49E-01	1,83E-02	6,83E-07	1,97E-07	4,81E-09	1,02E-01	9,78E-04	7,11E-02	4,38E-01	8,73E+01	6,97E+02	2,68E+00	3,85E+01	1,59E-05