Nom du Produit en Français (traduction approximative GoogleTranslate)	LCI Name	Catégorie	Score unique EF3.1 	Changement climatique	Appauvrissement de la couche d'ozone 	Rayonnements ionisants 	Formation photochimique d'ozone 	Particules 	Effets toxicologiques sur la santé humaine : substances non-cancérogènes*	Effets toxicologiques sur la santé humaine : substances cancérogènes*	Acidification terrestre et eaux douces	Eutrophisation eaux douces 	Eutrophisation marine 	Eutrophisation terreste	Écotoxicité pour écosystèmes aquatiques d'eau douce	Utilisation du sol	Épuisement des ressources eau	Épuisement des ressources énergétiques	Épuisement des ressources minéraux
Agneau, biologique, système numéro 1, à la ferme/FR U	Lamb, organic, system number 1, at farm gate/FR U	Agricultural\Animal production\Ovine\Transformation	0,950	12,61	2,23E-07	1,07E-01	1,78E-02	7,49E-07	8,02E-08	4,93E-09	1,15E-01	6,04E-04	7,66E-02	5,17E-01	1,08E+01	4,58E+02	6,82E-01	1,26E+01	1,10E-05
Agneau, biologique, système numéro 2, à la ferme/FR U	Lamb, organic, system number 2, at farm gate/FR U	Agricultural\Animal production\Ovine\Transformation	0,840	9,16	1,41E-07	7,66E-02	1,49E-02	4,69E-07	5,88E-07	8,26E-09	7,46E-02	5,65E-04	4,37E-02	3,36E-01	8,65E+00	1,37E+03	1,65E+00	1,05E+01	5,13E-06
Agneau, biologique, système numéro 3, à la ferme/FR U	Lamb, organic, system number 3, at farm gate/FR U	Agricultural\Animal production\Ovine\Transformation	2,577	15,11	2,38E-07	1,66E-01	2,62E-02	1,83E-06	1,32E-06	2,52E-08	2,74E-01	1,85E-03	2,04E-01	1,23E+00	2,35E+01	6,70E+03	4,42E+00	1,03E+01	7,58E-06
Avoine de printemps, biologique, à la ferme/FR U	Spring oat grain, organic, at farm gate/FR U	Agricultural\Animal production\Procine\Transformation	0,128	0,36	2,59E-08	1,23E-02	1,88E-03	3,51E-08	4,34E-07	5,87E-09	6,14E-03	1,93E-04	5,90E-03	2,79E-02	2,79E+00	1,19E+02	5,94E-03	1,79E+00	9,20E-07
Avoine d'hiver, biologique, système numéro 1, à la ferme/FR U	Winter oat, organic, system number 1, at farm gate/FR U	Agricultural\Plant production\Cereals\Transformation	0,092	0,52	3,05E-08	1,43E-02	2,21E-03	6,14E-08	5,18E-08	1,54E-09	1,01E-02	1,81E-04	6,33E-03	4,57E-02	1,37E+00	1,85E+02	6,12E-03	1,06E+00	5,66E-07
Ballot de foin, prairie permanente, biologique, système numéro 1, à la ferme/FR U	Baled hay, permanent meadow, organic, system number 1, at farm gate/FR U		0,047	0,11	1,03E-08	5,48E-03	9,28E-04	6,73E-08	1,48E-08	2,45E-10	1,02E-02	1,36E-05	1,45E-03	4,59E-02	7,06E-01	5,22E+01	2,53E-03	7,35E-01	4,53E-07
Ballot de foin, prairie permanente, biologique, système numéro 2, à la ferme/FR U	Baled hay, permanent meadow, organic, system number 2, at farm gate/FR U		0,041	0,09	1,10E-08	5,82E-03	9,33E-04	5,22E-08	1,28E-08	2,83E-10	8,05E-03	1,70E-05	1,02E-03	3,62E-02	6,61E-01	6,99E+01	2,73E-03	7,83E-01	4,69E-07
Ballot de foin, prairie permanente, biologique, système numéro 3, à la ferme/FR U	Baled hay, permanent meadow, organic, system number 3, at farm gate/FR U		0,055	0,09	1,28E-08	6,76E-03	1,10E-03	7,63E-08	1,59E-08	3,50E-10	1,16E-02	2,12E-05	1,30E-03	5,22E-02	8,52E-01	8,79E+01	3,11E-03	9,12E-01	5,35E-07
Ballot de foin, prairie permanente, biologique, système numéro 4, à la ferme/FR U	Baled hay, permanent meadow, organic, system number 4, at farm gate/FR U		-0,045	0,00	1,00E-08	5,42E-03	5,88E-04	3,01E-09	1,02E-09	1,37E-10	7,39E-04	1,45E-05	1,74E-03	3,32E-03	2,59E-01	-5,39E+02	2,71E-03	7,23E-01	4,89E-07
Ballot de foin, prairie permanente, biologique, système numéro 5, à la ferme/FR U	Baled hay, permanent meadow, organic, system number 5, at farm gate/FR U		0,027	0,05	6,24E-09	3,55E-03	6,52E-04	2,00E-08	1,46E-08	3,26E-10	3,27E-03	1,86E-05	1,91E-03	1,49E-02	3,83E-01	8,89E+01	1,75E-03	4,58E-01	3,11E-07
Ballot de foin, prairie permanente, biologique, système numéro 6, à la ferme/FR U	Baled hay, permanent meadow, organic, system number 6, at farm gate/FR U		0,016	0,00	6,87E-09	3,73E-03	5,03E-04	7,61E-09	2,21E-09	2,19E-10	1,38E-03	1,74E-05	1,23E-03	6,25E-03	2,45E-01	8,01E+01	1,86E-03	4,97E-01	3,36E-07
Ballot de foin, prairie permanente, biologique, vache allaitante et boeuf système d'engraissement numéro 1, à la ferme/FR U	Baled hay, permanent meadow, organic, suckler cow and beef fattening system number 1, at farm gate/FR U		0,018	0,05	1,12E-08	6,03E-03	8,35E-04	1,56E-08	9,53E-09	1,82E-10	2,71E-03	1,01E-05	6,57E-04	1,23E-02	3,96E-01	2,97E+01	2,98E-03	8,06E-01	5,32E-07
Ballot de foin, prairie permanente, biologique, vache allaitante et boeuf système d'engraissement numéro 2, à la ferme/FR U	Baled hay, permanent meadow, organic, suckler cow and beef fattening system number 2, at farm gate/FR U		0,011	0,03	6,46E-09	3,38E-03	4,86E-04	9,12E-09	4,99E-09	1,02E-10	1,59E-03	6,38E-06	3,87E-04	7,20E-03	2,46E-01	2,14E+01	1,64E-03	4,61E-01	2,84E-07
Ballot de foin, prairie permanente, biologique, vache allaitante et boeuf système d'engraissement numéro 3, à la ferme/FR U	Baled hay, permanent meadow, organic, suckler cow and beef fattening system number 3, at farm gate/FR U		0,010	0,02	5,49E-09	2,92E-03	4,19E-04	1,00E-08	5,02E-09	9,54E-11	1,68E-03	5,49E-06	3,22E-04	7,61E-03	2,17E-01	1,84E+01	1,43E-03	3,94E-01	2,53E-07
Ballot de foin, prairie permanente, biologique, vache allaitante et boeuf système d'engraissement numéro 4, à la ferme/FR U	Baled hay, permanent meadow, organic, suckler cow and beef fattening system number 4, at farm gate/FR U		0,012	0,02	5,84E-09	3,07E-03	4,66E-04	1,24E-08	5,86E-09	1,14E-10	2,05E-03	6,91E-06	3,87E-04	9,28E-03	2,53E-01	2,50E+01	1,49E-03	4,17E-01	2,58E-07
Ballot de foin, prairie temporaire, biologique, système numéro 1, à la ferme/FR U	Baled hay, temporary meadow, organic, system number 1, at farm gate/FR U		0,044	0,25	6,84E-09	3,80E-03	7,50E-04	4,67E-08	1,48E-08	2,56E-10	7,17E-03	1,42E-05	2,83E-03	3,23E-02	5,50E-01	5,79E+01	1,89E-03	4,97E-01	3,29E-07
Ballot de foin, prairie temporaire, biologique, système numéro 2, à la ferme/FR U	Baled hay, temporary meadow, organic, system number 2, at farm gate/FR U		0,038	0,26	7,75E-09	4,31E-03	6,73E-04	3,74E-08	6,94E-09	2,51E-10	5,78E-03	2,00E-05	7,66E-04	2,60E-02	5,10E-01	8,69E+01	2,19E-03	5,63E-01	3,63E-07
Ballot de foin, prairie temporaire, biologique, système numéro 3, à la ferme/FR U	Baled hay, temporary meadow, organic, system number 3, at farm gate/FR U		0,021	0,18	1,18E-08	6,29E-03	6,87E-04	3,01E-09	1,11E-09	1,38E-10	7,91E-04	1,71E-05	2,33E-03	3,55E-03	3,50E-01	7,58E+01	3,28E-03	8,53E-01	5,54E-07
Ballot de foin, prairie temporaire, biologique, système numéro 4, à la ferme/FR U	Baled hay, temporary meadow, organic, system number 4, at farm gate/FR U		0,020	0,18	9,34E-09	4,94E-03	6,04E-04	5,90E-09	1,20E-09	1,83E-10	1,18E-03	1,90E-05	1,22E-03	5,32E-03	3,26E-01	7,23E+01	2,60E-03	6,71E-01	4,33E-07
Ballot de foin, prairie temporaire, biologique, système numéro 5, à la ferme/FR U	Baled hay, temporary meadow, organic, system number 5, at farm gate/FR U		0,041	0,33	1,72E-08	8,69E-03	1,04E-03	8,51E-09	1,36E-09	6,49E-11	1,79E-03	3,31E-05	5,41E-03	8,07E-03	4,60E-01	1,45E+02	1,14E-02	1,21E+00	6,67E-07
Blé de printemps, association de cultures, biologique, système numéro 1, à la ferme/FR U	Spring wheat, from intercrop, organic, system number 1, at farm gate/FR U	Agricultural\Plant production\Cereals\Transformation	0,048	0,33	1,38E-08	6,10E-03	8,02E-04	2,56E-09	3,02E-08	3,84E-10	8,24E-04	1,41E-04	8,19E-03	3,78E-03	3,72E-01	1,48E+02	2,42E-03	1,74E+00	8,64E-07
Blé de printemps, association de cultures, biologique, système numéro 2, à la ferme/FR U	Spring wheat, from intercrop, organic, system number 2, at farm gate/FR U	Agricultural\Plant production\Cereals\Transformation	0,044	0,30	1,35E-08	5,97E-03	7,80E-04	2,22E-09	2,28E-08	3,23E-10	7,63E-04	1,28E-04	8,08E-03	3,50E-03	3,51E-01	1,31E+02	2,36E-03	1,09E+00	5,82E-07
Blé d'hiver, association de cultures, biologique, système numéro 1, à la ferme/FR U	Winter wheat, from intercrop, organic, system number 1, at farm gate/FR U	Agricultural\Plant production\Cereals\Transformation	0,120	0,45	2,00E-08	8,80E-03	1,73E-03	4,71E-08	2,75E-07	2,90E-09	7,84E-03	1,59E-04	1,26E-02	3,57E-02	1,31E+00	1,45E+02	3,52E-03	2,10E+00	1,14E-06
Blé d'hiver, association de cultures, biologique, système numéro 2, à la ferme/FR U	Winter wheat, from intercrop, organic, system number 2, at farm gate/FR U	Agricultural\Plant production\Cereals\Transformation	0,047	0,31	1,38E-08	6,10E-03	8,02E-04	2,56E-09	3,02E-08	3,83E-10	8,24E-04	1,35E-04	8,19E-03	3,78E-03	3,72E-01	1,40E+02	2,42E-03	9,21E-01	4,98E-07
Blé d'hiver, association de cultures, biologique, système numéro 3, à la ferme/FR U	Winter wheat, from intercrop, organic, system number 3, at farm gate/FR U	Agricultural\Plant production\Cereals\Transformation	0,113	0,44	1,80E-08	7,92E-03	1,59E-03	4,55E-08	2,41E-07	2,64E-09	7,53E-03	1,61E-04	1,21E-02	3,43E-02	1,21E+00	1,49E+02	3,17E-03	1,02E+00	5,41E-07
Blé d'hiver, association de cultures, biologique, système numéro 4, à la ferme/FR U	Winter wheat, from intercrop, organic, system number 4, at farm gate/FR U	Agricultural\Plant production\Cereals\Transformation	0,045	0,31	1,35E-08	5,96E-03	7,80E-04	2,22E-09	2,28E-08	3,10E-10	7,63E-04	1,34E-04	8,08E-03	3,50E-03	3,47E-01	1,36E+02	2,36E-03	9,20E-01	5,00E-07
Blé d'hiver, biologique, système numéro 1, à la ferme/FR U	Winter wheat, organic, system number 1, at farm gate/FR U	Agricultural\Plant production\Cereals\Transformation	0,059	0,35	2,22E-08	9,81E-03	1,49E-03	2,19E-08	3,99E-08	4,60E-10	4,02E-03	1,20E-04	8,64E-03	1,83E-02	6,55E-01	1,16E+02	4,02E-03	1,35E+00	7,15E-07
Blé d'hiver, biologique, système numéro 10, à la ferme/FR U	Winter wheat, organic, system number 10, at farm gate/FR U	Agricultural\Plant production\Cereals\Transformation	0,189	0,45	2,52E-08	1,13E-02	1,79E-03	2,96E-08	7,64E-07	7,18E-09	5,31E-03	2,04E-04	1,17E-02	2,41E-02	2,27E+00	1,55E+02	4,81E-03	9,33E-01	5,05E-07
Blé d'hiver, biologique, système numéro 11, à la ferme/FR U	Winter wheat, organic, system number 11, at farm gate/FR U	Agricultural\Plant production\Cereals\Transformation	0,130	0,43	2,66E-08	1,15E-02	1,81E-03	2,51E-08	4,35E-07	4,78E-09	4,68E-03	3,24E-04	6,00E-03	2,13E-02	1,83E+00	1,63E+02	4,73E-03	1,21E+00	6,46E-07
Blé d'hiver, biologique, système numéro 12, à la ferme/FR U	Winter wheat, organic, system number 12, at farm gate/FR U	Agricultural\Plant production\Cereals\Transformation	0,077	0,30	1,91E-08	3,72E-02	1,22E-03	1,34E-08	4,22E-08	4,58E-10	2,62E-03	1,96E-04	4,43E-03	1,19E-02	5,52E-01	1,08E+02	3,85E+00	9,11E-01	4,93E-07
Blé d'hiver, biologique, système numéro 13, à la ferme/FR U	Winter wheat, organic, system number 13, at farm gate/FR U	Agricultural\Plant production\Cereals\Transformation	0,073	0,44	3,09E-08	1,33E-02	1,90E-03	1,40E-08	4,79E-08	5,77E-10	3,10E-03	3,01E-04	1,22E-02	1,42E-02	8,05E-01	1,51E+02	5,34E-03	1,50E+00	7,81E-07
Blé d'hiver, biologique, système numéro 14, à la ferme/FR U	Winter wheat, organic, system number 14, at farm gate/FR U	Agricultural\Plant production\Cereals\Transformation	0,156	0,49	3,32E-08	1,43E-02	2,09E-03	1,90E-08	5,66E-07	6,10E-09	3,95E-03	3,82E-04	6,86E-03	1,80E-02	2,23E+00	1,91E+02	5,77E-03	1,72E+00	9,55E-07
Blé d'hiver, biologique, système numéro 15, à la ferme/FR U	Winter wheat, organic, system number 15, at farm gate/FR U	Agricultural\Plant production\Cereals\Transformation	0,127	0,39	2,70E-08	1,17E-02	1,70E-03	1,52E-08	4,58E-07	4,80E-09	3,18E-03	2,64E-04	8,38E-03	1,45E-02	1,75E+00	1,32E+02	4,72E-03	1,79E+00	9,32E-07
Blé d'hiver, biologique, système numéro 16, à la ferme/FR U	Winter wheat, organic, system number 16, at farm gate/FR U	Agricultural\Plant production\Cereals\Transformation	0,114	0,33	1,92E-08	6,93E-02	1,54E-03	3,15E-08	1,66E-08	1,52E-09	5,38E-03	2,23E-04	4,29E-03	2,45E-02	8,74E-01	9,26E+01	7,85E+00	1,89E+00	8,13E-07
Blé d'hiver, biologique, système numéro 17, à la ferme/FR U	Winter wheat, organic, system number 17, at farm gate/FR U	Agricultural\Plant production\Cereals\Transformation	0,063	0,36	1,88E-08	8,24E-03	1,38E-03	2,56E-08	1,29E-08	2,09E-10	4,48E-03	3,08E-04	9,74E-03	2,04E-02	7,12E-01	1,30E+02	4,39E-03	2,08E+00	1,03E-06
Blé d'hiver, biologique, système numéro 18, à la ferme/FR U	Winter wheat, organic, system number 18, at farm gate/FR U	Agricultural\Plant production\Cereals\Transformation	0,331	0,44	2,56E-08	1,12E-02	1,96E-03	4,13E-08	1,69E-06	1,56E-08	7,09E-03	3,71E-04	5,51E-03	3,23E-02	4,34E+00	1,56E+02	5,59E-03	2,24E+00	1,12E-06
Blé d'hiver, biologique, système numéro 2, à la ferme/FR U	Winter wheat, organic, system number 2, at farm gate/FR U	Agricultural\Plant production\Cereals\Transformation	0,224	0,41	2,79E-08	1,23E-02	1,96E-03	3,38E-08	1,05E-06	9,46E-09	6,01E-03	1,49E-04	5,71E-03	2,74E-02	2,73E+00	1,45E+02	5,10E-03	1,82E+00	9,16E-07
Blé d'hiver, biologique, système numéro 3, à la ferme/FR U	Winter wheat, organic, system number 3, at farm gate/FR U	Agricultural\Plant production\Cereals\Transformation	0,101	0,55	3,08E-08	1,34E-02	1,93E-03	3,12E-08	7,64E-08	8,48E-10	5,60E-03	2,29E-04	1,78E-02	2,54E-02	9,65E-01	2,03E+02	5,52E-03	2,65E+00	9,69E-07
Blé d'hiver, biologique, système numéro 4, à la ferme/FR U	Winter wheat, organic, system number 4, at farm gate/FR U	Agricultural\Plant production\Cereals\Transformation	0,152	0,71	3,44E-08	1,70E-02	2,41E-03	8,01E-08	1,73E-07	2,73E-09	1,29E-02	2,21E-04	1,74E-02	5,80E-02	1,89E+00	2,77E+02	7,66E-03	1,28E+00	7,14E-07
Blé d'hiver, biologique, système numéro 5, à la ferme/FR U	Winter wheat, organic, system number 5, at farm gate/FR U	Agricultural\Plant production\Cereals\Transformation	0,045	0,29	1,72E-08	7,42E-03	1,04E-03	5,57E-09	1,67E-08	2,17E-10	1,40E-03	1,14E-04	9,50E-03	6,40E-03	4,11E-01	1,04E+02	2,99E-03	1,74E+00	9,35E-07
Blé d'hiver, biologique, système numéro 6, au départ de l'exploitation/FR U	Winter wheat, organic, system number 6, at farm gate/FR U	Agricultural\Plant production\Cereals\Transformation	0,111	0,38	2,48E-08	1,06E-02	1,52E-03	1,02E-08	3,63E-07	3,57E-09	2,34E-03	1,44E-04	1,11E-02	1,07E-02	1,36E+00	1,30E+02	4,22E-03	1,89E+00	9,83E-07
Blé d'hiver, biologique, système numéro 7, à la ferme/FR U	Winter wheat, organic, system number 7, at farm gate/FR U	Agricultural\Plant production\Cereals\Transformation	0,311	0,54	2,41E-08	1,79E-02	2,26E-03	1,17E-07	1,37E-06	1,22E-08	1,62E-02	1,76E-04	6,69E-03	7,92E-02	4,00E+00	1,31E+02	-1,39E-02	2,08E+00	1,09E-06
Blé d'hiver, biologique, système numéro 8, à la ferme/FR U	Winter wheat, organic, system number 8, at farm gate/FR U	Agricultural\Plant production\Cereals\Transformation	0,137	0,54	2,52E-08	1,13E-02	2,03E-03	2,82E-08	3,59E-07	3,91E-09	5,28E-03	2,61E-04	1,34E-02	2,42E-02	1,61E+00	2,02E+02	4,78E-03	2,41E+00	1,44E-06
Blé d'hiver, biologique, système numéro 9, à la ferme/FR U	Winter wheat, organic, system number 9, at farm gate/FR U	Agricultural\Plant production\Cereals\Transformation	0,134	0,46	2,25E-08	9,74E-03	2,21E-03	7,30E-08	2,97E-07	3,81E-09	1,19E-02	3,64E-04	8,13E-03	5,40E-02	1,69E+00	1,37E+02	4,02E-03	1,16E+00	5,75E-07
Brebis Réforme, biologique, système numéro 1, à la ferme/FR U	Cull ewe, organic, system number 1, at farm gate/FR U	Agricultural\Animal production\Ovine\Transformation	0,618	9,60	1,50E-07	7,31E-02	1,24E-02	4,24E-07	6,09E-08	3,35E-09	6,61E-02	4,20E-04	4,90E-02	2,96E-01	6,75E+00	1,64E+02	4,08E-01	7,45E+00	9,47E-06
Brebis Réforme, biologique, système numéro 2, à la ferme/FR U	Cull ewe, organic, system number 2, at farm gate/FR U	Agricultural\Animal production\Ovine\Transformation	1,086	12,90	1,43E-07	8,12E-02	1,84E-02	5,24E-07	7,53E-07	1,09E-08	8,40E-02	7,14E-04	5,82E-02	3,80E-01	1,00E+01	2,00E+03	1,43E+00	1,14E+01	1,11E-05
Brebis Réforme, biologique, système numéro 3, à la ferme/FR U	Cull ewe, organic, system number 3, at farm gate/FR U	Agricultural\Animal production\Ovine\Transformation	1,975	10,62	1,11E-07	5,89E-02	1,77E-02	1,13E-06	7,24E-07	1,93E-08	1,71E-01	1,46E-03	1,97E-01	7,70E-01	1,48E+01	6,78E+03	9,57E-01	9,71E+00	8,15E-06
Carotte, biologique, Basse Normandie, à la ferme/FR U	Carrot, organic, Lower Normandy, at farm gate/FR U	Agricultural\Plant production\Vegetables\Transformation	0,014	0,09	2,28E-08	1,23E-02	9,41E-04	3,69E-09	2,77E-09	1,32E-10	8,90E-04	2,29E-05	3,17E-04	3,44E-03	1,22E+00	8,22E+00	2,72E-01	1,41E+00	1,38E-06
Chou-fleur, hiver, biologique, à la ferme/FR U	Cauliflower, winter, organic, at farm gate/FR U	Agricultural\Plant production\Vegetables\Transformation	0,050	0,28	2,66E-08	1,54E-02	1,47E-03	3,83E-08	4,62E-08	5,95E-10	6,21E-03	3,28E-05	4,11E-03	2,75E-02	1,17E+00	3,37E+01	1,41E-02	1,41E+00	1,38E-06
Colza d'hiver, biologique, à la ferme/FR U	Winter rapeseed, organic, at farm gate/FR U	Agricultural\Plant production\Oil seeds\Transformation	0,174	0,65	3,86E-08	1,87E-02	2,16E-03	1,24E-07	2,31E-07	3,55E-09	1,88E-02	3,32E-04	1,49E-02	8,32E-02	3,44E+00	2,35E+02	4,79E-02	3,91E+00	2,27E-06
Courge, printemps, sous tunnel, porte biologique, à la ferme/FR U	Zucchini, springtime, under tunnel, organic, at farm gate/FR U	Agricultural\Plant production\Vegetables\Transformation	0,047	0,15	1,24E-08	3,31E-02	7,31E-04	1,58E-08	2,51E-08	4,12E-10	1,43E-03	2,80E-05	5,21E-04	7,99E-03	9,36E-01	-6,62E+00	3,38E+00	2,51E+00	3,08E-07
Endive, la saison, la porte biologique à la ferme/FR U	Chicory witloof, season, organic at farm gate/FR U	Agricultural\Plant production\Vegetables\Transformation	0,072	0,63	1,73E-07	3,62E-01	1,88E-03	1,22E-08	6,96E-09	5,80E-10	2,09E-03	8,82E-05	3,48E-03	7,19E-03	1,62E+00	5,19E+01	7,01E-01	2,85E+02	2,79E-04
Endive, saison, biologique, de stockage et de forçage, à la ferme/FR U	Chicory witloof, season, organic, storage and forcing, at farm gate/FR U	Agricultural\Plant production\Vegetables\Transformation	0,036	0,39	1,46E-07	3,39E-01	4,05E-04	8,52E-09	2,26E-09	2,84E-10	7,10E-04	3,55E-05	1,41E-04	1,74E-03	7,19E-01	5,93E-01	2,76E-01	1,36E+00	7,86E-07
Endive, saison, biologique, la production de racines, à la ferme/FR U	Chicory witloof, season, organic, root production, at farm gate/FR U	Agricultural\Plant production\Vegetables\Transformation	0,021	0,14	1,60E-08	1,38E-02	8,84E-04	2,22E-09	2,82E-09	1,78E-10	8,27E-04	3,16E-05	2,01E-03	3,28E-03	5,42E-01	3,08E+01	2,55E-01	1,26E-01	2,63E-08
Ensillage de maïs, biologique, moyenne nationale Suisse, au distributeur/FR U	Silage maize, organic, Switzerland national average, at feeder/FR U		0,050	0,18	1,34E-08	7,19E-03	9,73E-04	5,42E-08	4,31E-08	6,30E-10	8,28E-03	4,11E-05	3,61E-03	3,70E-02	1,25E+00	2,79E+01	9,87E-02	9,81E-01	5,88E-07
Ensillage de maïs, biologique, stocké et transporté/FR U	Silage maize, organic, stored and transported/FR U		0,044	0,17	1,34E-08	8,58E-03	9,09E-04	4,73E-08	3,72E-08	5,47E-10	7,19E-03	3,62E-05	3,13E-03	3,20E-02	1,12E+00	2,42E+01	8,57E-02	1,01E+00	5,69E-07
Ensillage d'herde, prairie temporaire, biologique, système numéro 1, à la ferme/FR U	Grass silage, temporary meadow, organic, system number 1, at farm gate/FR U		0,057	0,30	2,08E-08	8,83E-03	1,53E-03	6,81E-08	1,52E-08	2,55E-10	1,07E-02	1,52E-05	1,66E-03	4,83E-02	9,00E-01	6,72E+01	3,60E-03	1,39E+00	6,27E-07
Ensillage d'herde, prairie temporaire, biologique, système numéro 2, à la ferme/FR U	Grass silage, temporary meadow, organic, system number 2, at farm gate/FR U		0,052	0,32	1,92E-08	8,39E-03	1,41E-03	5,28E-08	1,22E-08	2,87E-10	8,44E-03	1,81E-05	1,18E-03	3,81E-02	8,00E-01	9,00E+01	3,53E-03	1,30E+00	5,96E-07
Ensillage d'herde, prairie temporaire, biologique, système numéro 3, à la ferme/FR U	Grass silage, temporary meadow, organic, system number 3, at farm gate/FR U		0,071	0,41	2,78E-08	1,20E-02	1,96E-03	7,75E-08	1,65E-08	3,71E-10	1,23E-02	2,40E-05	1,60E-03	5,54E-02	1,14E+00	1,13E+02	4,94E-03	1,87E+00	8,49E-07
Ensillage d'herde, prairie temporaire, biologique, système numéro 4, à la ferme/FR U	Grass silage, temporary meadow, organic, system number 4, at farm gate/FR U		0,047	0,29	1,51E-08	6,40E-03	1,22E-03	4,73E-08	1,51E-08	2,63E-10	7,55E-03	1,54E-05	2,99E-03	3,41E-02	7,02E-01	5,80E+01	2,72E-03	1,01E+00	4,62E-07
Ensillage d'herde, prairie temporaire, biologique, système numéro 5, à la ferme/FR U	Grass silage, temporary meadow, organic, system number 5, at farm gate/FR U		0,038	0,26	8,91E-09	4,22E-03	7,43E-04	3,75E-08	6,91E-09	2,45E-10	5,83E-03	1,96E-05	7,93E-04	2,63E-02	5,25E-01	8,69E+01	2,02E-03	6,17E-01	3,15E-07
Epautre, biologique, à la ferme/FR U	Spelt, organic, at farm gate/FR U		0,126	0,97	3,26E-08	1,48E-02	1,90E-03	3,60E-08	1,09E-07	2,25E-09	6,24E-03	2,53E-04	1,47E-02	2,80E-02	1,49E+00	2,86E+02	6,62E-03	2,24E+00	1,28E-06
Féverole de printemps et blé de printemps associés, le système biologique, numéro 1, à la ferme/FR U	Spring faba bean and spring wheat intercrop, organic, system number 1, at farm gate/FR U	Agricultural\Plant production\Cereals\Transformation	0,052	0,36	1,61E-08	6,99E-03	9,48E-04	3,98E-09	1,19E-08	2,34E-10	1,11E-03	1,75E-04	9,43E-03	5,09E-03	4,04E-01	1,63E+02	2,89E-03	2,38E+00	1,21E-06
Féverole de printemps et orge de printemps associés, biologique, système numéro 1, à la ferme/FR U	Spring faba bean and spring barley intercrop, organic, system number 1, at farm gate/FR U	Agricultural\Plant production\Intercrops\Transformation	0,053	0,36	1,61E-08	6,99E-03	9,47E-04	4,03E-09	1,84E-08	2,79E-10	1,12E-03	1,72E-04	9,43E-03	5,13E-03	4,14E-01	1,63E+02	2,90E-03	7,77E+01	4,18E-05
Féverole de printemps, association de cultures, biologique, système numéro 1, à la ferme/FR U	Spring faba bean, from intercrop, organic, system number 1, at farm gate/FR U	Agricultural\Plant production\Legumes\Transformation	0,054	0,39	1,75E-08	7,73E-03	1,03E-03	4,83E-09	9,33E-10	1,42E-10	1,28E-03	1,94E-04	1,02E-02	5,88E-03	4,23E-01	1,72E+02	3,18E-03	6,24E+00	2,07E-06
Féverole de printemps, association de cultures, biologique, système numéro 2, à la ferme/FR U	Spring faba bean, from intercrop, organic, system number 2, at farm gate/FR U	Agricultural\Plant production\Legumes\Transformation	0,054	0,39	1,75E-08	7,73E-03	1,03E-03	4,83E-09	9,47E-10	1,44E-10	1,28E-03	1,94E-04	1,02E-02	5,88E-03	4,23E-01	1,72E+02	3,18E-03	8,27E+00	3,12E-06
Féverole de printemps, biologique, système numéro 1, à la ferme/FR U	Spring faba bean, organic, system number 1, at farm gate/FR U	Agricultural\Plant production\Legumes\Transformation	0,092	0,59	3,50E-08	1,56E-02	2,29E-03	3,10E-08	2,08E-09	2,08E-10	5,78E-03	2,49E-04	1,66E-02	2,63E-02	1,10E+00	2,17E+02	7,36E-03	4,96E+00	2,51E-06
Féverole de printemps, biologique, système numéro 2, à la ferme/FR U	Spring faba bean, organic, system number 2, at farm gate/FR U	Agricultural\Plant production\Legumes\Transformation	0,127	0,79	4,66E-08	2,06E-02	3,02E-03	3,41E-08	2,71E-09	5,17E-10	6,64E-03	6,22E-04	2,29E-02	3,03E-02	1,43E+00	2,99E+02	9,42E-03	1,18E+00	6,29E-07
Féverole d'hiver et blé d'hiver associés, biologique, système numéro 2, à la ferme/FR U	Winter faba bean and winter wheat intercrop, organic, system number 2, at farm gate/FR U	Agricultural\Plant production\Cereals\Transformation	0,050	0,35	1,57E-08	6,80E-03	9,14E-04	2,90E-09	1,19E-08	2,27E-10	9,38E-04	1,73E-04	9,45E-03	4,30E-03	3,76E-01	1,56E+02	2,74E-03	2,17E+00	9,83E-07
Féverole d'hiver et de blé d'hiverassociés, biologique, système numéro 1, à la ferme/FR U	Winter faba bean and winter wheat intercrop, organic, system number 1, at farm gate/FR U	Agricultural\Plant production\Cereals\Transformation	0,096	0,39	1,65E-08	7,12E-03	1,48E-03	4,29E-08	1,76E-07	1,91E-09	7,09E-03	1,29E-04	1,16E-02	3,22E-02	9,91E-01	1,25E+02	2,86E-03	9,12E-01	4,90E-07
Féverole d'hiver et orge d'hiver associés, le système biologique, numéro 1, à la ferme/FR U	Winter faba bean and winter barley intercrop, organic, system number 1, at farm gate/FR U	Agricultural\Plant production\Cereals\Transformation	0,049	0,35	1,57E-08	7,04E-03	9,07E-04	2,67E-09	4,46E-09	1,55E-10	8,99E-04	1,74E-04	9,45E-03	4,13E-03	3,56E-01	1,56E+02	3,93E-02	9,34E-01	5,00E-07
Féverole d'hiver, association de cultures, biologique, système numéro 1, à la ferme/FR U	Winter faba bean, from intercrop, organic, system number 1, at farm gate/FR U	Agricultural\Plant production\Legumes\Transformation	0,052	0,37	1,69E-08	7,44E-03	9,82E-04	3,11E-09	8,82E-10	1,32E-10	1,01E-03	1,97E-04	1,02E-02	4,62E-03	3,78E-01	1,66E+02	2,94E-03	1,59E+00	8,65E-07
Féverole d'hiver, association de cultures, biologique, système numéro 2, à la ferme/FR U	Winter faba bean, from intercrop, organic, system number 2, at farm gate/FR U	Agricultural\Plant production\Legumes\Transformation	0,088	0,37	1,53E-08	6,73E-03	1,39E-03	4,15E-08	1,43E-07	1,58E-09	6,84E-03	1,19E-04	1,12E-02	3,11E-02	8,84E-01	1,18E+02	2,65E-03	1,02E+00	5,54E-07
Féverole d'hiver, association de cultures, biologique, système numéro 3, à la ferme/FR U	Winter faba bean, from intercrop, organic, system number 3, at farm gate/FR U	Agricultural\Plant production\Legumes\Transformation	0,052	0,37	1,69E-08	7,44E-03	9,82E-04	3,11E-09	8,96E-10	1,33E-10	1,01E-03	1,97E-04	1,02E-02	4,62E-03	3,78E-01	1,66E+02	2,94E-03	1,02E+00	5,54E-07
Féverole d'hiver, biologique, système numéro 1, à la ferme/FR U	Winter faba bean, organic, system number 1, at farm gate/FR U	Agricultural\Plant production\Legumes\Transformation	0,108	0,60	2,71E-08	1,19E-02	2,23E-03	5,47E-08	1,63E-09	2,56E-10	9,22E-03	4,25E-04	1,99E-02	4,19E-02	8,93E-01	2,02E+02	5,01E-03	4,34E+00	2,16E-06
Féverole d'hiver, biologique, système numéro 2, à la ferme/FR U	Winter faba bean, organic, system number 2, at farm gate/FR U	Agricultural\Plant production\Legumes\Transformation	0,089	0,58	3,50E-08	1,50E-02	2,08E-03	9,59E-09	1,84E-09	1,93E-10	2,57E-03	2,77E-04	2,11E-02	1,18E-02	7,71E-01	2,22E+02	5,98E-03	1,14E+00	6,05E-07
Féverole d'hiver, biologique, système numéro 3, à la ferme/FR U	Winter faba bean, organic, system number 3, at farm gate/FR U	Agricultural\Plant production\Legumes\Transformation	0,115	0,49	2,78E-08	4,61E-02	1,78E-03	1,96E-08	1,68E-09	2,43E-10	3,84E-03	3,91E-04	1,67E-02	1,74E-02	7,20E-01	1,73E+02	4,53E+00	1,03E+00	5,42E-07
Féverole d'hiver, biologique, système numéro 4, à la ferme/FR U	Winter faba bean, organic, system number 4, at farm gate/FR U	Agricultural\Plant production\Legumes\Transformation	0,119	0,75	4,12E-08	1,78E-02	2,52E-03	1,79E-08	2,24E-09	4,20E-10	4,02E-03	7,05E-04	2,31E-02	1,84E-02	1,00E+00	3,10E+02	7,17E-03	1,14E+00	6,05E-07
Herbe enrubannée, prairie permanente, biologique, système numéro 1, à la ferme/FR U	Baled grass, permanent meadow, organic, system number 1, at farm gate/FR U		0,050	0,13	1,44E-08	8,44E-03	1,17E-03	6,80E-08	1,51E-08	2,64E-10	1,04E-02	1,70E-05	1,53E-03	4,68E-02	8,00E-01	5,22E+01	1,12E-02	1,26E+00	6,63E-07
Herbe enrubannée, prairie permanente, biologique, système numéro 2, à la ferme/FR U	Baled grass, permanent meadow, organic, system number 2, at farm gate/FR U		0,014	0,06	9,09E-09	5,63E-03	5,90E-04	1,47E-08	4,21E-09	9,81E-11	2,42E-03	8,40E-06	3,61E-04	1,08E-02	3,18E-01	1,59E+01	9,67E-03	8,78E-01	4,46E-07
Herbe enrubannée, prairie permanente, biologique, vache allaitante et boeuf système d'engraissement numéro 1, à la ferme/FR U	Baled grass, permanent meadow, organic, suckler cow and beef fattening system number 1, at farm gate/FR U		0,007	0,05	1,10E-08	5,14E-03	6,38E-04	2,30E-09	1,38E-09	4,48E-11	6,84E-04	4,12E-06	2,46E-04	3,12E-03	2,39E-01	2,60E+00	2,42E-03	7,63E-01	3,90E-07
Herbe enrubannée, prairie permanente, biologique, vache allaitante et boeuf système d'engraissement numéro 3, à la ferme/FR U	Baled grass, permanent meadow, organic, suckler cow and beef fattening system number 3, at farm gate/FR U		0,009	0,07	1,32E-08	7,52E-03	7,77E-04	3,87E-09	2,11E-09	6,61E-11	9,50E-04	7,72E-06	2,98E-04	4,21E-03	3,11E-01	4,45E+00	1,11E-02	1,18E+00	5,99E-07
Herbe enrubannée, prairie permanente, biologique, vache allaitante et boeuf système d'engraissement numéro 4, à la ferme/FR U	Baled grass, permanent meadow, organic, suckler cow and beef fattening system number 4, at farm gate/FR U		0,015	0,10	2,13E-08	1,04E-02	1,27E-03	7,16E-09	3,57E-09	9,86E-11	1,72E-03	1,04E-05	5,22E-04	7,78E-03	4,93E-01	1,05E+01	1,21E-02	1,69E+00	7,57E-07
Herbe enrubannée, prairie temporaire, biologique, système numéro 3, à la ferme/FR U	Baled grass, temporary meadow, organic, system number 3, at farm gate/FR U		0,038	0,26	6,91E-09	4,68E-03	6,39E-04	3,76E-08	6,91E-09	2,49E-10	5,76E-03	2,14E-05	7,53E-04	2,58E-02	4,97E-01	8,69E+01	9,96E-03	7,45E-01	3,58E-07
Herbe pâturée, pâturage à la ferme, biologique, système numéro 1, à la ferme/FR U	Grazed grass, pasture at farm, organic, system number 1, at farm gate/FR U		0,028	-0,11	0,00E+00	0,00E+00	1,56E-04	8,77E-09	3,28E-09	3,76E-10	1,37E-03	3,20E-05	5,17E-03	6,27E-03	1,58E-01	1,80E+02	0,00E+00	0,00E+00	0,00E+00
Herbe pâturée, pâturage d'été et pasture à la ferme, biologique, système numéro 1, à la ferme/FR U	Grazed grass, summer pasture and pasture at farm, organic, system number 1, at farm gate/FR U		0,066	-0,26	0,00E+00	0,00E+00	3,58E-04	2,01E-08	2,03E-08	9,37E-10	3,15E-03	7,34E-05	1,19E-02	1,44E-02	4,23E-01	4,12E+02	0,00E+00	0,00E+00	0,00E+00
Herbe pâturée, pâturage d'été, biologique, système numéro 1, à la ferme/FR U	Grazed grass, summer pasture, organic, system number 1, at farm gate/FR U		0,077	-0,30	0,00E+00	0,00E+00	4,18E-04	2,35E-08	2,53E-08	1,10E-09	3,68E-03	8,58E-05	1,39E-02	1,68E-02	5,03E-01	4,81E+02	0,00E+00	0,00E+00	0,00E+00
Herbe pâturée, prairie permanente, biologique, système numéro 1, à la ferme/FR U	Grazed grass, permanent meadow, organic, system number 1, at farm gate/FR U		0,045	0,09	5,64E-09	2,91E-03	6,70E-04	6,67E-08	1,45E-08	2,23E-10	1,00E-02	1,15E-05	1,37E-03	4,50E-02	6,04E-01	5,21E+01	1,34E-03	4,00E-01	2,16E-07
Herbe pâturée, prairie permanente, biologique, système numéro 2, à la ferme/FR U	Grazed grass, permanent meadow, organic, system number 2, at farm gate/FR U		0,039	0,07	7,11E-09	3,66E-03	7,19E-04	5,18E-08	1,25E-08	2,65E-10	7,88E-03	1,52E-05	9,47E-04	3,55E-02	5,75E-01	6,98E+01	1,73E-03	5,03E-01	2,67E-07
Herbe pâturée, prairie permanente, biologique, système numéro 3, à la ferme/FR U	Grazed grass, permanent meadow, organic, system number 3, at farm gate/FR U		0,053	0,07	8,93E-09	4,62E-03	8,83E-04	7,58E-08	1,56E-08	3,32E-10	1,14E-02	1,94E-05	1,23E-03	5,14E-02	7,66E-01	8,78E+01	2,13E-03	6,32E-01	3,37E-07
Herbe pâturée, prairie permanente, biologique, système numéro 4, à la ferme/FR U	Grazed grass, permanent meadow, organic, system number 4, at farm gate/FR U		0,008	-0,05	0,00E+00	0,00E+00	3,27E-05	1,84E-09	7,86E-11	9,73E-11	2,87E-04	1,00E-05	1,56E-03	1,31E-03	3,80E-02	5,99E+01	0,00E+00	0,00E+00	0,00E+00
Herbe pâturée, prairie permanente, biologique, système numéro 5, à la ferme/FR U	Grazed grass, permanent meadow, organic, system number 5, at farm gate/FR U		0,025	0,02	1,29E-09	8,69E-04	3,77E-04	1,94E-08	1,41E-08	3,06E-10	3,04E-03	1,64E-05	1,82E-03	1,39E-02	2,74E-01	8,88E+01	4,08E-04	9,98E-02	6,82E-08
Herbe pâturée, prairie permanente, biologique, système numéro 6, à la ferme/FR U	Grazed grass, permanent meadow, organic, system number 6, at farm gate/FR U		0,013	-0,04	0,00E+00	0,00E+00	1,21E-04	6,81E-09	1,56E-09	1,91E-10	1,07E-03	1,43E-05	1,10E-03	4,87E-03	9,28E-02	8,00E+01	0,00E+00	0,00E+00	0,00E+00
Herbe pâturée, prairie permanente, biologique, vache allaitante et boeuf système d'engraissement numéro 1, à la ferme/FR U	Grazed grass, permanent meadow, organic, suckler cow and beef fattening system number 1, at farm gate/FR U		0,028	0,00	2,19E-09	1,11E-03	6,02E-04	3,24E-08	1,93E-08	3,18E-10	5,06E-03	1,23E-05	1,06E-03	2,30E-02	3,84E-01	6,65E+01	4,83E-04	1,53E-01	7,27E-08
Herbe pâturée, prairie permanente, biologique, vache allaitante et boeuf système d'engraissement numéro 2, à la ferme/FR U	Grazed grass, permanent meadow, organic, suckler cow and beef fattening system number 2, at farm gate/FR U		0,026	0,01	5,91E-09	2,82E-03	7,29E-04	2,72E-08	1,44E-08	2,65E-10	4,37E-03	1,36E-05	9,60E-04	1,99E-02	4,57E-01	6,77E+01	1,26E-03	4,08E-01	1,88E-07
Herbe pâturée, prairie permanente, biologique, vache allaitante et boeuf système d'engraissement numéro 3, à la ferme/FR U	Grazed grass, permanent meadow, organic, suckler cow and beef fattening system number 3, at farm gate/FR U		0,031	0,01	4,13E-09	2,12E-03	6,76E-04	3,74E-08	1,82E-08	3,08E-10	5,81E-03	1,45E-05	1,00E-03	2,63E-02	6,68E-01	7,24E+01	1,37E-03	2,95E-01	1,63E-07
Herbe pâturée, prairie permanente, biologique, vache allaitante et boeuf système d'engraissement numéro 4, à la ferme/FR U	Grazed grass, permanent meadow, organic, suckler cow and beef fattening system number 4, at farm gate/FR U		0,032	0,01	5,17E-09	2,50E-03	7,33E-04	3,73E-08	1,71E-08	3,04E-10	5,83E-03	1,57E-05	9,75E-04	2,65E-02	5,03E-01	7,83E+01	1,12E-03	3,59E-01	1,66E-07
Herbe pâturée, prairie temporaire, biologique, système numéro 1, à la ferme/FR U	Grazed grass, temporary meadow, organic, system number 1, at farm gate/FR U		0,042	0,23	3,10E-09	1,72E-03	5,41E-04	4,62E-08	1,45E-08	2,38E-10	7,00E-03	1,25E-05	2,76E-03	3,16E-02	4,67E-01	5,79E+01	9,37E-04	2,26E-01	1,37E-07
Herbe pâturée, prairie temporaire, biologique, système numéro 2, à la ferme/FR U	Grazed grass, temporary meadow, organic, system number 2, at farm gate/FR U		0,036	0,24	4,45E-09	2,48E-03	4,89E-04	3,71E-08	6,68E-09	2,36E-10	5,63E-03	1,85E-05	7,06E-04	2,53E-02	4,37E-01	8,68E+01	1,35E-03	3,24E-01	1,94E-07
Herbe pâturée, prairie temporaire, biologique, système numéro 3, à la ferme/FR U	Grazed grass, temporary meadow, organic, system number 3, at farm gate/FR U		0,016	0,13	2,00E-09	9,50E-04	1,40E-04	1,86E-09	1,79E-10	9,84E-11	3,46E-04	1,27E-05	2,15E-03	1,57E-03	1,32E-01	7,56E+01	6,20E-04	1,41E-01	7,26E-08
Herbe pâturée, prairie temporaire, biologique, système numéro 4, à la ferme/FR U	Grazed grass, temporary meadow, organic, system number 4, at farm gate/FR U		0,015	0,14	1,91E-09	9,06E-04	1,91E-04	5,03E-09	5,00E-10	1,53E-10	8,39E-04	1,56E-05	1,08E-03	3,83E-03	1,62E-01	5,61E+01	5,92E-04	1,34E-01	6,93E-08
Lait de vache, biologique, système laitier de plaine, ensillage de maïs 5 à 10%, à la ferme/FR U	Cow milk, organic, lowland milk system, silage maize 5 to 10%, at farm gate/FR U		0,105	1,10	2,49E-08	5,30E-02	1,82E-03	8,73E-08	2,81E-08	5,32E-10	1,32E-02	7,24E-05	5,51E-03	5,87E-02	1,37E+00	9,62E+01	2,62E-01	2,66E+00	1,88E-06
Lait de vache, biologique, système numéro 1, à la ferme/FR U	Cow milk, organic, system number 1, at farm gate/FR U	Agricultural\Animal production\Dairy\Transformation	0,097	0,91	2,45E-08	5,57E-02	1,70E-03	8,82E-08	3,43E-08	6,08E-10	1,34E-02	5,73E-05	2,49E-03	5,97E-02	1,32E+00	9,68E+01	4,48E-01	3,28E+00	1,66E-06
Lait de vache, biologique, système numéro 2, à la ferme/FR U	Cow milk, organic, system number 2, at farm gate/FR U	Agricultural\Animal production\Dairy\Transformation	0,104	0,86	2,17E-08	5,15E-02	1,66E-03	9,61E-08	7,14E-08	9,09E-10	1,46E-02	6,08E-05	2,77E-03	6,49E-02	1,29E+00	9,54E+01	2,57E-01	2,82E+00	2,21E-06
Lait de vache, biologique, système numéro 3, à la ferme/FR U	Cow milk, organic, system number 3, at farm gate/FR U	Agricultural\Animal production\Dairy\Transformation	0,082	0,80	1,57E-08	4,65E-02	1,33E-03	8,93E-08	1,79E-08	3,02E-10	1,34E-02	1,97E-05	1,70E-03	5,99E-02	9,64E-01	6,14E+01	1,16E-01	2,57E+00	1,24E-06
Lait de vache, biologique, système numéro 4, à la ferme/FR U	Cow milk, organic, system number 4, at farm gate/FR U	Agricultural\Animal production\Dairy\Transformation	0,084	0,84	1,78E-08	3,83E-02	1,22E-03	6,95E-08	5,31E-08	7,44E-10	1,05E-02	5,48E-05	2,73E-03	4,65E-02	1,19E+00	7,39E+01	2,20E-01	2,66E+00	1,88E-06
Lait de vache, biologique, système numéro 5, à la ferme/FR U	Cow milk, organic, system number 5, at farm gate/FR U	Agricultural\Animal production\Dairy\Transformation	0,084	0,94	1,77E-08	5,02E-02	1,45E-03	7,12E-08	2,14E-08	4,09E-10	1,09E-02	4,14E-05	3,67E-03	4,86E-02	1,00E+00	7,27E+01	1,50E-01	2,66E+00	1,02E-06
Lupin bleu, biologique, à la ferme/FR U	Blue lupine, organic, at farm gate/FR U		0,269	3,73	4,04E-08	1,86E-02	2,39E-03	4,91E-09	4,26E-07	5,78E-09	2,03E-03	5,74E-04	1,99E-02	9,26E-03	2,73E+00	4,31E+02	1,04E-02	2,80E+00	1,70E-06
Luzerne, biologique, système numéro 1, à la ferme/FR U	Alfalfa, organic, system number 1, at farm gate/FR U	Agricultural\Plant production\Roughage\Transformation	0,037	0,25	1,42E-08	7,34E-03	8,56E-04	1,23E-08	1,94E-09	2,43E-10	2,23E-03	2,48E-05	6,05E-03	1,00E-02	4,41E-01	1,03E+02	8,78E-03	3,44E+00	2,46E-06
Luzerne, biologique, système numéro 2, à la ferme/FR U	Alfalfa, organic, system number 2, at farm gate/FR U	Agricultural\Plant production\Roughage\Transformation	0,018	0,15	9,93E-09	4,39E-03	5,74E-04	1,90E-09	4,47E-10	1,22E-10	5,41E-04	1,35E-05	3,01E-03	2,50E-03	2,24E-01	5,53E+01	5,21E-03	1,72E+01	2,04E-06
Luzerne, biologique, système numéro 3, à la ferme/FR U	Alfalfa, organic, system number 3, at farm gate/FR U	Agricultural\Plant production\Roughage\Transformation	0,053	0,20	1,07E-08	4,86E-02	6,06E-04	3,72E-09	9,63E-10	4,49E-11	8,31E-04	2,47E-05	4,58E-03	3,64E-03	2,49E-01	7,94E+01	3,45E+00	3,20E+00	3,37E-07
Luzerne, biologique, système numéro 4, à la ferme/FR U	Alfalfa, organic, system number 4, at farm gate/FR U	Agricultural\Plant production\Roughage\Transformation	0,022	0,17	8,63E-09	4,38E-03	4,99E-04	2,04E-09	6,76E-10	3,20E-11	5,60E-04	2,00E-05	4,05E-03	2,53E-03	1,89E-01	7,12E+01	6,41E-03	2,93E+00	1,91E-06
Luzerne, biologique, système numéro 5, à la ferme/FR U	Alfalfa, organic, system number 5, at farm gate/FR U	Agricultural\Plant production\Roughage\Transformation	0,033	0,24	1,68E-08	9,50E-03	7,73E-04	1,01E-08	8,12E-09	3,39E-10	1,51E-03	4,43E-05	4,13E-03	5,22E-03	2,11E+00	6,93E+01	6,68E-02	1,01E+00	5,67E-07
Maïs grain, biologique, système numéro 1, à la ferme/FR U	Grain maize, organic, system number 1, at farm gate/FR U	Agricultural\Plant production\Cereals\Transformation	0,169	0,26	1,52E-08	8,73E-02	1,09E-03	2,24E-08	5,08E-07	4,96E-09	3,81E-03	2,18E-04	3,59E-03	1,71E-02	1,56E+00	8,10E+01	6,42E+00	3,30E+00	1,52E-05
Maïs grain, biologique, système numéro 2, à la ferme/FR U	Grain maize, organic, system number 2, at farm gate/FR U	Agricultural\Plant production\Cereals\Transformation	0,137	0,23	1,52E-08	1,00E-01	9,10E-04	1,08E-08	3,01E-07	3,13E-09	1,99E-03	1,74E-04	3,31E-03	8,77E-03	1,32E+00	7,35E+01	7,43E+00	3,40E+00	5,72E-06
Maïs grain, biologique, système numéro 3, à la ferme/FR U	Grain maize, organic, system number 3, at farm gate/FR U	Agricultural\Plant production\Cereals\Transformation	0,192	0,23	1,46E-08	1,12E-01	9,24E-04	1,44E-08	3,35E-07	3,41E-09	2,52E-03	1,69E-04	3,53E-03	1,11E-02	1,49E+00	6,59E+01	1,38E+01	2,13E+00	4,57E-06
Melon, biologique, à la ferme/FR U	Melon, organic, at farm gate/FR U	Agricultural\Plant production\Vegetables\Transformation	0,063	0,13	1,72E-08	4,27E-02	1,01E-03	4,02E-09	1,69E-08	5,18E-10	9,55E-04	9,28E-05	2,65E-03	3,62E-03	7,75E-01	2,51E+01	4,94E+00	2,09E+00	1,11E-06
Noix, coque séchés, les variétés traditionnelles, biologique, à la ferme/FR U	Walnut, dried inshell, traditional varieties, organic, at farm gate/FR U	Agricultural\Plant production\Nuts\Transformation	0,448	1,33	1,98E-07	2,40E-01	9,59E-03	3,54E-08	1,04E-07	3,77E-09	1,14E-02	2,87E-04	1,02E-02	4,63E-02	5,51E+00	4,58E+02	2,74E+01	4,46E+00	2,88E-06
Oeuf, biologique, à la ferme/FR U	Egg, organic, at farm gate/FR U	Agricultural\Animal production\Avian\Transformation	0,531	1,73	9,96E-08	3,21E-01	5,95E-03	4,73E-07	5,62E-07	6,50E-09	6,81E-02	6,08E-04	2,36E-02	3,00E-01	8,84E+00	3,47E+02	8,77E+00	1,46E+01	5,49E-06
Oeuf, biologique, système numéro 1, à la ferme/FR U	Egg, organic, system number 1, at farm gate/FR U	Agricultural\Animal production\Avian\Transformation	0,623	1,99	1,13E-07	2,78E-01	6,97E-03	5,62E-07	6,48E-07	8,31E-09	8,31E-02	7,68E-04	2,94E-02	3,63E-01	1,73E+01	3,70E+02	9,65E+00	5,19E+01	2,08E-05
Oeuf, biologique, système numéro 2, à la ferme/FR U	Egg, organic, system number 2, at farm gate/FR U	Agricultural\Animal production\Avian\Transformation	0,628	2,01	1,13E-07	2,71E-01	7,36E-03	5,67E-07	6,79E-07	8,85E-09	8,41E-02	8,09E-04	2,92E-02	3,67E-01	1,52E+01	3,73E+02	9,34E+00	7,77E+01	4,18E-05
Orge de printemps, association de cultures, biologique, système numéro 2, à la ferme/FR U	Spring barley, from intercrop, organic, system number 2, at farm gate/FR U	Agricultural\Plant production\Cereals\Transformation	0,046	0,31	1,35E-08	5,97E-03	7,80E-04	2,33E-09	3,59E-08	4,16E-10	7,79E-04	1,26E-04	8,07E-03	3,57E-03	3,72E-01	1,34E+02	2,37E-03	6,85E-01	3,21E-07
Orge de printemps, association de cultures, système numéro 1, à la ferme/FR U	Spring barley, from intercrop, organic, system number 1, at farm gate/FR U	Agricultural\Plant production\Cereals\Transformation	0,051	0,32	1,38E-08	6,10E-03	8,02E-04	2,70E-09	4,76E-08	5,08E-10	8,45E-04	1,35E-04	8,18E-03	3,87E-03	4,00E-01	1,47E+02	2,44E-03	2,75E+00	1,29E-06
Orge de printemps, biologique, système numéro 1, à la ferme/FR U	Spring barley, organic, system number 1, at farm gate/FR U	Agricultural\Plant production\Cereals\Transformation	0,284	0,56	3,49E-08	1,55E-02	2,43E-03	4,10E-08	1,29E-06	1,16E-08	7,32E-03	1,72E-04	1,19E-02	3,33E-02	3,55E+00	1,91E+02	7,03E-03	2,24E+00	1,28E-06
Orge de printemps, biologique, système numéro 2, à la ferme/FR U	Spring barley, organic, system number 2, at farm gate/FR U	Agricultural\Plant production\Cereals\Transformation	0,157	0,61	4,70E-08	2,22E-02	3,17E-03	8,84E-08	2,69E-07	3,13E-09	1,45E-02	1,57E-04	1,68E-02	6,55E-02	2,26E+00	1,55E+02	9,70E-03	3,09E+00	1,57E-06
Orge de printemps, biologique, système numéro 3, à la ferme/FR U	Spring barley, organic, system number 3, at farm gate/FR U	Agricultural\Plant production\Cereals\Transformation	0,071	0,42	2,78E-08	1,23E-02	1,73E-03	1,13E-08	5,64E-08	1,39E-09	2,61E-03	1,52E-04	1,23E-02	1,19E-02	1,03E+00	1,54E+02	5,47E-03	9,33E-01	5,02E-07
Orge de printemps, biologique, système numéro 4, à la ferme/FR U	Spring barley, organic, system number 4, at farm gate/FR U	Agricultural\Plant production\Cereals\Transformation	0,070	0,42	2,59E-08	1,12E-02	1,63E-03	1,09E-08	5,62E-08	1,38E-09	2,50E-03	1,49E-04	1,22E-02	1,15E-02	9,05E-01	1,53E+02	4,48E-03	9,12E-01	4,91E-07
Orge d'hiver, association de cultures, biologique, système numéro 1, à la ferme/FR U	Winter barley, from intercrop, organic, system number 1, at farm gate/FR U	Agricultural\Plant production\Cereals\Transformation	0,044	0,31	1,36E-08	6,74E-03	7,82E-04	1,93E-09	1,04E-08	1,94E-10	7,21E-04	1,36E-04	8,19E-03	3,31E-03	3,21E-01	1,40E+02	9,98E-02	0,00E+00	0,00E+00
Orge d'hiver, association de cultures, biologique, système numéro 2, à la ferme/FR U	Winter barley, from intercrop, organic, system number 2, at farm gate/FR U	Agricultural\Plant production\Cereals\Transformation	0,041	0,29	1,33E-08	6,44E-03	7,65E-04	1,75E-09	7,97E-09	1,67E-10	6,86E-04	1,26E-04	8,08E-03	3,15E-03	3,09E-01	1,27E+02	7,54E-02	2,79E+00	1,34E-06
Orge d'hiver, biologique, système numéro 1, à la ferme/FR U	Winter barley, organic, system number 1, at farm gate/FR U	Agricultural\Plant production\Cereals\Transformation	0,146	0,38	2,32E-08	3,92E-02	1,52E-03	1,93E-08	3,85E-07	4,14E-09	3,65E-03	2,59E-04	8,38E-03	1,66E-02	1,55E+00	1,28E+02	3,86E+00	3,44E+00	1,55E-06
Orge d'hiver, biologique, système numéro 2, à la ferme/FR U	Winter barley, organic, system number 2, at farm gate/FR U	Agricultural\Plant production\Cereals\Transformation	0,059	0,38	2,03E-08	9,98E-03	1,26E-03	1,00E-08	1,40E-08	2,14E-10	2,17E-03	3,04E-04	9,69E-03	9,88E-03	5,02E-01	1,52E+02	1,33E-01	2,15E+00	1,13E-06
Paille de blé, biologique, système numéro 1, à la ferme/FR U	Wheat straw, organic, system number 1, at farm gate/FR U	Agricultural\Plant production\Cereals\Transformation	0,000	0,00	0,00E+00	0,00E+00	0,00E+00	0,00E+00	0,00E+00	0,00E+00	0,00E+00	0,00E+00	0,00E+00	0,00E+00	0,00E+00	0,00E+00	0,00E+00	1,73E+00	8,92E-07
Paille de blé, biologique, système numéro 2, à la ferme/FR U	Wheat straw, organic, system number 2, at farm gate/FR U	Agricultural\Plant production\Cereals\Transformation	0,000	0,00	0,00E+00	0,00E+00	0,00E+00	0,00E+00	0,00E+00	0,00E+00	0,00E+00	0,00E+00	0,00E+00	0,00E+00	0,00E+00	0,00E+00	0,00E+00	1,36E+00	6,62E-07
Pêche, biologique, moyenne nationale, au verger/FR U	Peach, organic, national average, at orchard/FR U	Agricultural\Plant production\Fruits\Transformation	0,207	0,22	2,55E-08	9,73E-02	1,38E-03	2,25E-08	5,34E-08	5,28E-10	2,35E-03	4,07E-05	4,41E-03	1,45E-02	1,25E+00	4,08E+01	2,13E+01	3,40E+00	5,72E-06
Poire, biologique, à la ferme/FR U	Pear, organic, at farm gate/FR U	Agricultural\Plant production\Fruits\Transformation	0,094	0,11	1,55E-08	5,10E-02	9,05E-04	5,79E-09	7,42E-09	2,05E-10	1,06E-03	2,51E-05	8,44E-04	4,94E-03	5,83E-01	1,91E+01	9,81E+00	4,11E+00	9,26E-06
Pois chiche, biologique, système numéro 1, à la ferme/FR U	Chickpea, organic, system number 1, at farm gate/FR U	Agricultural\Plant production\Legumes\Transformation	0,145	0,91	5,50E-08	2,38E-02	3,45E-03	1,89E-08	3,07E-09	5,19E-10	4,71E-03	7,95E-04	3,18E-02	2,17E-02	1,30E+00	3,30E+02	9,75E-03	1,06E+03	4,28E-04
Pois de printemps et blé de printemps associés, biologique, système numéro 1, à la ferme/FR U	Spring pea and spring wheat intercrop, organic, system number 1, at farm gate/FR U	Agricultural\Plant production\Cereals\Transformation	0,045	0,32	1,43E-08	6,18E-03	8,21E-04	1,84E-09	1,18E-08	2,23E-10	7,31E-04	1,36E-04	8,72E-03	3,36E-03	3,42E-01	1,41E+02	2,49E-03	1,89E+00	9,73E-07
Pois de printemps et orge de printemps associés, biologique, système numéro 1, à la ferme/FR U	Spring pea and spring barley intercrop, organic, system number 1, at farm gate/FR U	Agricultural\Plant production\Intercrops\Transformation	0,047	0,33	1,43E-08	6,19E-03	8,21E-04	1,90E-09	1,83E-08	2,69E-10	7,39E-04	1,37E-04	8,72E-03	3,40E-03	3,52E-01	1,44E+02	2,50E-03	1,46E+01	5,49E-06
pois de printemps, association de cultures, biologique, système numéro 1, à la ferme/FR U	Spring pea, from intercrop, organic, system number 1, at farm gate/FR U	Agricultural\Plant production\Legumes\Transformation	0,047	0,35	1,51E-08	6,67E-03	8,62E-04	1,46E-09	7,85E-10	1,22E-10	6,99E-04	1,47E-04	9,36E-03	3,22E-03	3,32E-01	1,55E+02	2,63E-03	2,54E+00	1,24E-06
pois de printemps, association de cultures, biologique, système numéro 2, à la ferme/FR U	Spring pea, from intercrop, organic, system number 2, at farm gate/FR U	Agricultural\Plant production\Legumes\Transformation	0,046	0,35	1,51E-08	6,67E-03	8,62E-04	1,46E-09	7,92E-10	1,23E-10	6,99E-04	1,44E-04	9,36E-03	3,22E-03	3,33E-01	1,52E+02	2,63E-03	2,39E+00	1,22E-06
Pois d'hiver et blé d'hiver associés, biologique, système numéro 1, à la ferme/FR U	Winter pea and winter wheat intercrop, organic, system number 1, at farm gate/FR U	Agricultural\Plant production\Cereals\Transformation	0,094	0,39	1,51E-08	6,51E-03	1,40E-03	4,28E-08	1,67E-07	1,92E-09	7,02E-03	1,31E-04	1,12E-02	3,19E-02	9,69E-01	1,33E+02	2,63E-03	1,06E+00	5,67E-07
Pois d'hiver et blé d'hiver associés, biologique, système numéro 2, à la ferme/FR U	Winter pea and winter wheat intercrop, organic, system number 2, at farm gate/FR U	Agricultural\Plant production\Cereals\Transformation	0,045	0,32	1,37E-08	5,91E-03	7,97E-04	2,92E-09	1,30E-08	2,48E-10	8,75E-04	1,35E-04	8,31E-03	4,01E-03	3,41E-01	1,40E+02	2,38E-03	3,28E+00	1,79E-06
Pois d'hiver et orge d'hiver associés, biologique, système numéro 1, à la ferme/FR U	Winter pea and winter barley intercrop, organic, system number 1, at farm gate/FR U	Agricultural\Plant production\Cereals\Transformation	0,042	0,31	1,36E-08	6,15E-03	7,90E-04	2,69E-09	5,60E-09	1,76E-10	8,36E-04	1,27E-04	8,32E-03	3,83E-03	3,22E-01	1,31E+02	3,89E-02	1,11E+00	5,85E-07
Pois d'hiver et triticale associés, biologique, système numéro 1, à la ferme/FR U	Winter pea and triticale grain intercrop, organic, system number 1, at farm gate/FR U	Agricultural\Plant production\Legumes\Transformation	0,055	0,31	1,24E-08	5,40E-03	9,48E-04	2,22E-08	3,68E-08	1,03E-09	3,76E-03	1,21E-04	7,32E-03	1,71E-02	6,23E-01	1,24E+02	2,24E-03	1,84E+00	9,80E-07
Pois d'hiver et triticale associés, biologique, système numéro 2, à la ferme/FR U	Winter pea and triticale grain intercrop, organic, system number 2, at farm gate/FR U	Agricultural\Plant production\Legumes\Transformation	0,057	0,36	2,17E-08	9,17E-03	1,45E-03	2,12E-08	1,85E-08	2,75E-10	3,91E-03	1,32E-04	8,39E-03	1,78E-02	5,99E-01	1,32E+02	3,66E-03	2,35E+00	1,14E-06
Pois d'hiver et triticale associés, biologique, système numéro 3, à la ferme/FR U	Winter pea and triticale grain intercrop, organic, system number 3, at farm gate/FR U	Agricultural\Plant production\Legumes\Transformation	0,084	0,53	2,82E-08	1,22E-02	1,76E-03	2,95E-08	2,93E-08	4,29E-10	5,26E-03	2,44E-04	1,12E-02	2,38E-02	8,11E-01	2,24E+02	5,00E-03	2,59E+00	1,15E-06
Pois d'hiver et triticale associés, biologique, système numéro 4, à la ferme/FR U	Winter pea and triticale grain intercrop, organic, system number 4, at farm gate/FR U	Agricultural\Plant production\Legumes\Transformation	0,069	0,45	2,54E-08	1,10E-02	1,71E-03	2,25E-08	2,53E-08	3,91E-10	4,23E-03	3,74E-04	6,26E-03	1,93E-02	7,13E-01	1,86E+02	4,48E-03	2,78E+00	1,38E-06
pois d'hiver, association de culture, biologique, système numéro 3, à la ferme/FR U	Winter pea, from intercrop, organic, system number 3, at farm gate/FR U	Agricultural\Plant production\Legumes\Transformation	0,053	0,38	1,84E-08	8,07E-03	1,15E-03	1,97E-08	2,24E-09	1,17E-10	3,49E-03	1,53E-04	7,52E-03	1,58E-02	4,93E-01	1,47E+02	3,26E-03	1,71E+00	8,81E-07
pois d'hiver, association de culture, biologique, système numéro 4, à la ferme/FR U	Winter pea, from intercrop, organic, system number 4, at farm gate/FR U	Agricultural\Plant production\Legumes\Transformation	0,063	0,44	2,46E-08	1,06E-02	1,66E-03	2,21E-08	2,62E-09	1,60E-10	4,16E-03	3,60E-04	6,22E-03	1,90E-02	6,42E-01	1,81E+02	4,34E-03	1,05E+00	5,71E-07
pois d'hiver, association de culture, biologique, système numéro 5, à la ferme/FR U	Winter pea, from intercrop, organic, system number 5, at farm gate/FR U	Agricultural\Plant production\Legumes\Transformation	0,043	0,32	1,39E-08	6,11E-03	8,15E-04	3,63E-09	3,23E-09	1,85E-10	9,87E-04	1,28E-04	8,55E-03	4,52E-03	3,35E-01	1,35E+02	2,42E-03	8,19E-01	4,45E-07
pois d'hiver, association de culture, biologique, système numéro 6, au départ de l'exploitation/FR U	Winter pea, from intercrop, organic, system number 6, at farm gate/FR U	Agricultural\Plant production\Legumes\Transformation	0,088	0,38	1,41E-08	6,22E-03	1,33E-03	4,18E-08	1,42E-07	1,68E-09	6,85E-03	1,21E-04	1,09E-02	3,11E-02	8,90E-01	1,27E+02	2,46E-03	1,41E+00	6,97E-07
pois d'hiver, association de culture, biologique, système numéro 7, à la ferme/FR U 	Winter pea, from intercrop, organic, system number 7, at farm gate/FR U	Agricultural\Plant production\Legumes\Transformation	0,045	0,33	1,39E-08	6,11E-03	8,15E-04	3,63E-09	3,24E-09	1,87E-10	9,87E-04	1,36E-04	8,55E-03	4,52E-03	3,35E-01	1,44E+02	2,42E-03	1,24E+00	6,37E-07
pois d'hiver, association de cultures, biologique, système numéro 1, à la ferme/FR U	Winter pea, from intercrop, organic, system number 1, at farm gate/FR U	Agricultural\Plant production\Legumes\Transformation	0,052	0,30	1,21E-08	5,38E-03	9,27E-04	2,22E-08	2,37E-08	9,01E-10	3,75E-03	1,13E-04	7,36E-03	1,70E-02	5,86E-01	1,22E+02	2,19E-03	1,45E+00	7,18E-07
pois d'hiver, association de cultures, biologique, système numéro 2, à la ferme/FR U	Winter pea, from intercrop, organic, system number 2, at farm gate/FR U	Agricultural\Plant production\Legumes\Transformation	0,053	0,35	2,11E-08	8,92E-03	1,42E-03	2,09E-08	1,94E-09	1,04E-10	3,84E-03	1,21E-04	8,34E-03	1,75E-02	5,45E-01	1,25E+02	3,56E-03	1,90E+00	9,78E-07
Pomme, biologique, moyenne nationale, au verger/FR U	Apple, organic, national average, at orchard/FR U	Agricultural\Plant production\Fruits\Transformation	0,063	0,11	1,90E-08	3,19E-02	1,04E-03	7,66E-09	1,14E-08	2,23E-10	1,46E-03	2,86E-05	1,66E-03	6,29E-03	7,92E-01	2,48E+01	5,25E+00	1,89E+00	4,51E-06
Porc, biologique, moyenne nationale, à la ferme/FR U	Pig, organic, national average, at farm gate/FR U	Agricultural\Animal production\Procine\Transformation	0,692	4,40	1,23E-07	1,83E-01	8,09E-03	6,95E-07	4,87E-07	6,69E-09	1,04E-01	8,05E-04	3,55E-02	4,57E-01	1,24E+01	5,69E+02	1,58E+00	1,19E+01	7,43E-06
Porc engraissé, biologique, système numéro 1, à la ferme/FR U	Pig, organic, system number 1, at farm gate/FR U	Agricultural\Animal production\Procine\Transformation	0,592	3,62	7,95E-08	1,16E-01	5,64E-03	5,90E-07	4,65E-07	5,44E-09	8,78E-02	6,42E-04	3,07E-02	3,91E-01	8,05E+00	5,33E+02	1,15E+00	1,99E+02	1,10E-04
Porc engraissé, biologique, système numéro 2, à la ferme/FR U	Pig, organic, system number 2, at farm gate/FR U	Agricultural\Animal production\Procine\Transformation	0,627	4,24	1,19E-07	1,45E-01	7,87E-03	6,19E-07	2,53E-07	4,46E-09	9,19E-02	8,89E-04	3,49E-02	4,06E-01	1,12E+01	6,43E+02	1,70E+00	1,19E+01	7,43E-06
Porc engraissé, biologique, système numéro 3, à la ferme/FR U	Pig, organic, system number 3, at farm gate/FR U	Agricultural\Animal production\Procine\Transformation	0,614	3,87	1,03E-07	1,47E-01	7,08E-03	5,60E-07	5,65E-07	6,94E-09	8,36E-02	6,54E-04	3,18E-02	3,69E-01	7,56E+00	4,70E+02	2,90E+00	1,23E+01	9,15E-06
Porc engraissé, biologique, système numéro 4, à la ferme/FR U	Pig, organic, system number 4, at farm gate/FR U	Agricultural\Animal production\Procine\Transformation	0,782	5,03	1,26E-07	2,14E-01	8,71E-03	7,50E-07	6,96E-07	8,52E-09	1,12E-01	8,08E-04	3,89E-02	4,92E-01	9,70E+00	5,12E+02	3,13E+00	1,19E+01	7,43E-06
Porc engraissé, moyenne biologique, national, à la ferme/FR U	Fattened pig, organic, national average, at farm gate/FR U	Agricultural\Animal production\Procine\Transformation	0,692	4,40	1,23E-07	1,83E-01	8,09E-03	6,95E-07	4,87E-07	6,69E-09	1,04E-01	8,05E-04	3,55E-02	4,57E-01	1,24E+01	5,69E+02	1,58E+00	3,26E+01	3,75E-05
Poule de réforme, biologique, à la ferme/FR U	Cull hen, organic, at farm gate/FR U	Agricultural\Animal production\Avian\Transformation	0,862	6,08	3,50E-07	7,62E-01	1,38E-02	8,63E-07	9,45E-08	6,06E-09	1,24E-01	1,18E-03	2,65E-02	5,35E-01	1,25E+02	3,29E+02	5,37E+00	5,19E+01	2,08E-05
Poule Réforme, biologique, système numéro 1, à la ferme/FR U	Cull hen, organic, system number 1, at farm gate/FR U	Agricultural\Animal production\Avian\Transformation	1,939	12,03	5,82E-07	1,09E+00	2,90E-02	2,13E-06	2,18E-07	1,30E-08	3,07E-01	2,67E-03	6,41E-02	1,34E+00	2,93E+02	7,85E+02	1,29E+01	2,35E+01	7,67E-06
Poule Réforme, biologique, système numéro 2, à la ferme/FR U	Cull hen, organic, system number 2, at farm gate/FR U	Agricultural\Animal production\Avian\Transformation	1,939	12,03	5,82E-07	1,09E+00	2,90E-02	2,13E-06	2,18E-07	1,30E-08	3,07E-01	2,67E-03	6,41E-02	1,34E+00	2,93E+02	7,85E+02	1,29E+01	2,31E+01	1,16E-05
Poulet, biologique, à la ferme/FR U	Broiler, organic, at farm gate/FR U	Agricultural\Animal production\Avian\Transformation	0,731	2,66	1,68E-07	3,90E-01	8,12E-03	5,89E-07	7,74E-07	8,89E-09	8,52E-02	7,68E-04	2,94E-02	3,75E-01	1,83E+01	4,17E+02	1,55E+01	2,35E+01	7,67E-06
Poulet, biologique, système numéro 1, à la ferme/FR U	Broiler, organic, system number 2, at farm gate/FR U	Agricultural\Animal production\Avian\Transformation	0,805	3,15	1,91E-07	3,04E-01	1,06E-02	6,31E-07	1,02E-06	1,30E-08	9,53E-02	1,08E-03	3,77E-02	4,14E-01	1,80E+01	5,33E+02	1,05E+01	2,70E+01	1,42E-05
Poulet, biologique, système numéro 2, à la ferme/FR U	Broiler, organic, system number 1, at farm gate/FR U	Agricultural\Animal production\Avian\Transformation	0,806	3,14	1,94E-07	3,26E-01	1,04E-02	6,45E-07	9,50E-07	1,23E-08	9,70E-02	1,07E-03	3,62E-02	4,21E-01	2,14E+01	5,08E+02	1,14E+01	1,91E+01	1,04E-05
Raisin de cuve, biologique, AOP, système numéro 1, à la ferme/FR U	Grape, organic, PDO, dry white wine, system number 1, at vineyard gate/FR U	Agricultural\Plant production\Fruits\Transformation	0,029	0,15	2,56E-08	1,24E-02	1,52E-03	8,54E-09	4,56E-09	3,63E-10	1,73E-03	7,88E-05	8,47E-04	6,78E-03	1,12E+00	4,52E+01	4,87E-02	9,54E-01	5,06E-07
Raisin de cuve, biologique, AOP, système numéro 2, à la ferme/FR U	Grape, organic, PDO, dry white wine, system number 2, at vineyard gate/FR U	Agricultural\Plant production\Fruits\Transformation	0,030	0,16	3,42E-08	1,52E-02	1,96E-03	5,90E-09	3,40E-09	1,58E-10	1,94E-03	3,70E-05	1,06E-03	8,05E-03	9,84E-01	7,10E+01	4,01E-02	9,35E-01	5,07E-07
Raisin de cuve, biologique, AOP, système numéro 3, à la ferme/FR U	Grape, organic, PDO, dry white wine, system number 3, at vineyard gate/FR U	Agricultural\Plant production\Fruits\Transformation	0,056	0,24	3,79E-08	2,01E-02	2,30E-03	2,58E-08	1,02E-08	7,75E-10	3,99E-03	9,65E-05	1,38E-03	1,58E-02	2,62E+00	7,51E+01	1,31E-01	1,89E+00	4,51E-06
Raisin de cuve, biologique, AOP, système numéro 4, à la ferme/FR U	Grape, organic, PDO, dry white wine, system number 4, at vineyard gate/FR U	Agricultural\Plant production\Fruits\Transformation	0,061	0,30	6,05E-08	2,49E-02	3,52E-03	1,16E-08	1,80E-08	4,57E-10	3,70E-03	1,22E-04	4,03E-03	1,54E-02	1,92E+00	1,01E+02	8,75E-02	7,92E+00	3,24E-05
Raisin de cuve, biologique, AOP, système numéro 5, à la ferme/FR U	Grape, organic, PDO, dry white wine, system number 5, at vineyard gate/FR U	Agricultural\Plant production\Fruits\Transformation	0,144	0,67	1,34E-07	5,45E-02	7,59E-03	3,14E-08	5,83E-08	9,91E-10	8,84E-03	3,43E-04	9,47E-03	3,66E-02	5,04E+00	2,34E+02	1,81E-01	2,01E+00	5,83E-06
Raisin, biologique, AOC, Maconnais, at vineyard/FR U	Grape, organic, AOC, Maconnais, at vineyard/FR U	Agricultural\Plant production\Legumes\Transformation	0,136	0,64	7,47E-08	5,06E-02	4,61E-03	8,93E-08	3,04E-08	3,21E-09	1,00E-02	2,73E-04	3,27E-03	3,88E-02	1,02E+01	7,50E+01	3,07E-01	7,92E+00	3,24E-05
Raisin, biologique, variety mix, Languedoc-Roussillon, at vineyard/FR U	Grape, organic, variety mix, Languedoc-Roussillon, at vineyard/FR U	Agricultural\Plant production\Legumes\Transformation	0,085	0,33	2,96E-08	2,51E-02	2,00E-03	5,01E-08	9,77E-08	2,07E-09	4,85E-03	1,51E-04	3,92E-03	2,31E-02	4,99E+00	5,80E+01	1,07E-01	3,30E+00	1,52E-05
Soja, biologique, à la ferme/CN U	Soybean grain, organic, at farm gate/CN U	Agricultural\Plant production\Legumes\Transformation	0,122	0,84	1,02E-08	9,13E-03	1,00E-03	1,74E-08	2,28E-07	4,10E-09	3,10E-03	4,45E-04	1,15E-02	1,43E-02	1,80E+00	1,95E+02	6,02E-01	3,70E+02	1,66E-04
Soja, biologique, à la ferme/IN U	Soybean grain, organic, at farm gate/IN U	Agricultural\Plant production\Legumes\Transformation	0,242	1,37	3,05E-08	2,53E-02	2,68E-03	1,68E-07	1,04E-07	4,31E-09	2,58E-02	6,38E-04	3,00E-02	1,16E-01	2,77E+00	2,87E+02	1,54E+00	2,67E+00	2,39E-06
Soja, biologique, système numéro 1, à la ferme/FR U	Soybean grain, organic, system number 1, at farm gate/FR U	Agricultural\Plant production\Legumes\Transformation	0,252	0,67	3,47E-08	1,56E-01	2,39E-03	5,51E-08	2,44E-09	1,88E-10	8,70E-03	5,23E-04	1,05E-02	4,08E-02	1,05E+00	2,33E+02	1,95E+01	5,80E+00	2,98E-06
Soja, biologique, système numéro 2, à la ferme/FR U	Soybean grain, organic, system number 2, at farm gate/FR U	Agricultural\Plant production\Legumes\Transformation	0,264	0,73	4,83E-08	1,63E-01	3,13E-03	5,79E-08	3,84E-09	2,53E-10	9,47E-03	4,47E-04	1,64E-02	4,41E-02	2,12E+00	2,02E+02	1,95E+01	3,71E+00	1,91E-06
Soja, biologique, système numéro 3, à la ferme/FR U	Soybean grain, organic, system number 3, at farm gate/FR U	Agricultural\Plant production\Legumes\Transformation	0,150	0,97	5,64E-08	3,01E-02	3,48E-03	1,85E-08	3,03E-09	3,38E-10	4,64E-03	8,36E-04	2,62E-02	2,14E-02	1,27E+00	3,77E+02	8,29E-01	7,96E-01	5,03E-07
Soja, biologique, système numéro 4, à la ferme/FR U	Soybean grain, organic, system number 4, at farm gate/FR U	Agricultural\Plant production\Legumes\Transformation	0,132	0,89	6,01E-08	3,11E-02	3,79E-03	1,87E-08	4,31E-09	3,60E-10	4,73E-03	7,64E-04	2,01E-02	2,18E-02	1,34E+00	3,18E+02	8,29E-01	2,34E+00	1,42E-06
Soja, biologique, système numéro 5, à la ferme/FR U	Soybean grain, organic, system number 5, at farm gate/FR U	Agricultural\Plant production\Legumes\Transformation	0,299	0,43	2,40E-08	2,30E-01	1,57E-03	2,59E-08	2,06E-09	1,53E-10	4,48E-03	3,35E-04	8,44E-03	1,99E-02	6,82E-01	1,25E+02	3,07E+01	5,29E+00	1,99E-06
Sorgho, biologique, système numéro 1, à la ferme/FR U	Sorghum, organic, system number 1, at farm gate/FR U	Agricultural\Plant production\Cereals\Transformation	0,028	0,23	9,95E-09	4,62E-03	6,64E-04	1,90E-08	6,20E-10	3,62E-11	3,11E-03	6,75E-05	3,08E-04	1,40E-02	3,03E-01	8,19E+01	1,94E-03	2,88E+00	1,55E-06
Système de culture numéro 1, biologique, à la ferme/FR U	Cropping system number 1, organic, at farm gate/FR U	Agricultural\Plant production\Intercrops\Transformation	0,062	0,20	2,15E-08	1,04E-02	1,37E-03	2,83E-08	4,50E-08	7,18E-10	4,84E-03	9,90E-05	8,99E-03	2,18E-02	7,84E-01	1,46E+02	7,74E-03	1,49E+00	8,20E-07
Système de culture numéro 10, biologique, à la ferme/FR U	Cropping system number 10, organic, at farm gate/FR U	Agricultural\Plant production\Intercrops\Transformation	0,247	0,24	2,27E-08	1,63E-01	1,55E-03	2,69E-08	2,37E-07	2,87E-09	4,65E-03	2,78E-04	6,10E-03	2,08E-02	1,49E+00	1,09E+02	2,05E+01	4,78E+00	1,69E-06
Système de culture numéro 11, biologique, à la ferme/FR U	Cropping system number 11, organic, at farm gate/FR U	Agricultural\Plant production\Intercrops\Transformation	0,076	0,20	2,18E-08	1,13E-02	1,22E-03	1,87E-08	2,06E-07	2,12E-09	3,09E-03	1,66E-04	5,84E-03	1,28E-02	2,45E+00	1,05E+02	5,24E-02	1,69E+00	2,20E-06
Système de culture numéro 2, biologique, à la ferme/FR U	Cropping system number 2, organic, at farm gate/FR U	Agricultural\Plant production\Intercrops\Transformation	0,102	0,24	2,68E-08	1,24E-02	1,78E-03	2,74E-08	2,76E-07	2,66E-09	4,96E-03	1,31E-04	8,85E-03	2,25E-02	1,36E+00	1,69E+02	1,55E-02	1,85E+00	9,77E-07
Système de culture numéro 3, biologique, à la ferme/FR U	Cropping system number 3, organic, at farm gate/FR U	Agricultural\Plant production\Intercrops\Transformation	0,041	0,15	1,75E-08	7,62E-03	1,05E-03	5,50E-09	4,33E-08	7,07E-10	1,36E-03	8,21E-05	7,19E-03	6,25E-03	5,38E-01	1,01E+02	5,14E-03	1,18E+00	5,33E-07
Système de culture numéro 4, biologique, à la ferme/FR U	Cropping system number 4, organic, at farm gate/FR U	Agricultural\Plant production\Intercrops\Transformation	0,317	0,49	4,09E-08	1,25E-01	3,01E-03	9,22E-08	5,94E-07	5,45E-09	1,37E-02	4,33E-04	1,28E-02	6,55E-02	2,90E+00	2,17E+02	1,43E+01	5,05E+00	2,12E-06
Système de culture numéro 5, biologique, à la ferme/FR U	Cropping system number 5, organic, at farm gate/FR U	Agricultural\Plant production\Intercrops\Transformation	0,143	0,46	4,84E-08	2,29E-02	3,25E-03	2,58E-08	1,57E-07	2,85E-09	5,57E-03	6,60E-04	2,20E-02	2,57E-02	1,77E+00	3,16E+02	2,78E-01	3,30E+00	1,66E-06
Système de culture numéro 6, biologique, à la ferme/FR U	Cropping system number 6, organic, at farm gate/FR U	Agricultural\Plant production\Intercrops\Transformation	0,188	0,30	2,48E-08	6,98E-02	2,04E-03	5,33E-08	4,72E-07	4,98E-09	8,86E-03	3,77E-04	9,82E-03	4,01E-02	1,91E+00	1,51E+02	4,69E+00	2,91E+00	1,20E-06
Système de culture numéro 7, biologique, à la ferme/FR U	Cropping system number 7, organic, at farm gate/FR U	Agricultural\Plant production\Intercrops\Transformation	0,152	0,36	3,82E-08	1,69E-02	2,54E-03	3,30E-08	4,15E-07	4,50E-09	6,22E-03	4,62E-04	1,30E-02	2,83E-02	2,20E+00	2,36E+02	8,15E-03	2,61E+00	1,39E-06
Système de culture numéro 8, biologique, à la ferme/FR U	Cropping system number 8, organic, at farm gate/FR U	Agricultural\Plant production\Intercrops\Transformation	0,095	0,16	1,87E-08	5,79E-02	1,15E-03	1,16E-08	1,34E-07	1,48E-09	2,29E-03	1,79E-04	6,44E-03	1,03E-02	8,33E-01	1,18E+02	4,37E+00	2,31E+00	9,57E-07
Système de culture numéro 9, biologique, à la ferme/FR U	Cropping system number 9, organic, at farm gate/FR U	Agricultural\Plant production\Intercrops\Transformation	0,054	0,17	1,91E-08	8,84E-03	1,16E-03	7,92E-09	8,78E-08	9,87E-10	1,79E-03	1,85E-04	7,40E-03	8,13E-03	7,29E-01	1,25E+02	1,84E-02	1,32E+00	6,95E-07
Tomate, biologique,en serre, moyenne nationale, à effet de serre/FR U	Tomato, organic, greenhouse production, national average, at greenhouse/FR U	Agricultural\Plant production\Vegetables\Transformation	0,036	0,20	2,02E-08	3,65E-02	6,29E-04	1,52E-08	3,40E-08	5,37E-10	1,36E-03	2,94E-05	9,08E-04	7,24E-03	8,72E-01	-4,86E+00	1,30E+00	1,26E+00	2,72E-06
Tournesol, biologique, système numéro 1, à la ferme/FR U	Sunflower grain, organic, system number 1, at farm gate/FR U	Agricultural\Plant production\Oil seeds\Transformation	0,142	0,46	5,40E-08	2,31E-02	3,64E-03	2,82E-08	1,29E-07	3,60E-09	6,17E-03	7,86E-04	1,91E-02	2,84E-02	2,21E+00	3,54E+02	9,21E-03	1,99E+00	1,46E-06
Tournesol, biologique, système numéro 2, à la ferme/FR U	Sunflower grain, organic, system number 2, at farm gate/FR U	Agricultural\Plant production\Oil seeds\Transformation	0,179	0,40	4,84E-08	2,22E-02	3,09E-03	3,57E-08	5,18E-07	6,27E-09	6,86E-03	5,52E-04	1,24E-02	3,11E-02	3,57E+00	2,65E+02	1,41E-02	6,23E+00	4,57E-06
Tournesol, biologique, système numéro 3, à la ferme/FR U	Sunflower grain, organic, system number 3, at farm gate/FR U	Agricultural\Plant production\Oil seeds\Transformation	0,099	0,39	5,04E-08	2,18E-02	3,15E-03	2,70E-08	2,53E-09	1,47E-10	5,70E-03	6,53E-04	1,37E-02	2,60E-02	1,15E+00	2,95E+02	8,75E-03	3,23E+00	3,16E-06
Tournesol, biologique, système numéro 4, à la ferme/FR U	Sunflower grain, organic, system number 4, at farm gate/FR U	Agricultural\Plant production\Oil seeds\Transformation	0,101	0,43	5,56E-08	2,58E-02	3,25E-03	2,08E-08	4,35E-09	1,94E-10	4,75E-03	6,65E-04	1,42E-02	2,14E-02	2,73E+00	3,00E+02	1,86E-02	2,80E+00	1,81E-06
Tournesol, biologique, système numéro 5, à la ferme/FR U	Sunflower grain, organic, system number 5, at farm gate/FR U	Agricultural\Plant production\Oil seeds\Transformation	0,124	0,52	6,18E-08	2,99E-02	3,90E-03	4,98E-08	5,70E-09	2,43E-10	9,22E-03	7,97E-04	1,49E-02	4,14E-02	4,31E+00	3,03E+02	2,75E-02	3,63E+00	1,77E-06
Triticale, association de cultures, biologique, système numéro 1, à la ferme/FR U	Triticale grain, from intercrop, organic, system number 1, at farm gate/FR U	Agricultural\Plant production\Cereals\Transformation	0,055	0,31	1,25E-08	5,58E-03	9,54E-04	2,22E-08	4,05E-08	1,07E-09	3,77E-03	1,23E-04	7,31E-03	1,71E-02	6,33E-01	1,25E+02	2,27E-03	9,64E-01	5,23E-07
Triticale, association de cultures, biologique, système numéro 2, à la ferme/FR U	Triticale grain, from intercrop, organic, system number 2, at farm gate/FR U	Agricultural\Plant production\Cereals\Transformation	0,059	0,37	2,20E-08	9,29E-03	1,47E-03	2,14E-08	2,64E-08	3,57E-10	3,94E-03	1,37E-04	8,41E-03	1,80E-02	6,25E-01	1,31E+02	3,71E-03	9,33E-01	5,05E-07
Triticale, association de cultures, biologique, système numéro 3, à la ferme/FR U	Triticale grain, from intercrop, organic, system number 3, at farm gate/FR U	Agricultural\Plant production\Cereals\Transformation	0,101	0,61	3,37E-08	1,47E-02	2,11E-03	3,50E-08	4,45E-08	6,05E-10	6,26E-03	2,96E-04	1,33E-02	2,83E-02	9,91E-01	2,67E+02	5,99E-03	9,12E-01	4,93E-07
Triticale, association de cultures, biologique, système numéro 4, à la ferme/FR U	Triticale grain, from intercrop, organic, system number 4, at farm gate/FR U	Agricultural\Plant production\Cereals\Transformation	0,071	0,46	2,57E-08	1,11E-02	1,73E-03	2,26E-08	3,50E-08	4,90E-10	4,27E-03	3,80E-04	6,27E-03	1,95E-02	7,44E-01	1,88E+02	4,54E-03	1,71E+00	8,96E-07
Triticale, biologique, système numéro 1, à la ferme/FR U	Triticale grain, organic, system number 1, at farm gate/FR U	Agricultural\Plant production\Cereals\Transformation	0,048	0,33	2,02E-08	8,69E-03	1,27E-03	8,61E-09	2,52E-08	1,05E-09	1,98E-03	1,41E-04	5,56E-03	9,07E-03	6,91E-01	1,33E+02	3,46E-03	8,49E-01	4,61E-07
Triticale, biologique, système numéro 2, à la ferme/FR U	Triticale grain, organic, system number 2, at farm gate/FR U	Agricultural\Plant production\Cereals\Transformation	0,095	0,44	2,23E-08	1,00E-02	1,66E-03	1,90E-08	1,63E-07	2,83E-09	3,72E-03	3,19E-04	1,20E-02	1,71E-02	1,23E+00	1,64E+02	4,25E-03	1,47E+00	7,27E-07
Triticale, biologique, système numéro 3, à la ferme/FR U	Triticale grain, organic, system number 3, at farm gate/FR U	Agricultural\Plant production\Cereals\Transformation	0,097	0,32	1,69E-08	7,36E-03	1,16E-03	1,66E-08	3,27E-07	3,68E-09	3,06E-03	2,61E-04	4,41E-03	1,40E-02	1,30E+00	1,34E+02	3,07E-03	2,28E+00	1,17E-06
Truie Réforme, biologique, système numéro 1, à la ferme/FR U	Cull sow, organic, system number 1, at farm gate/FR U	Agricultural\Animal production\Procine\Transformation	2,054	8,85	3,68E-07	4,47E-01	2,51E-02	1,36E-06	1,78E-06	2,11E-08	2,10E-01	2,31E-03	1,37E-01	9,33E-01	2,75E+01	4,86E+03	5,93E+00	1,83E+00	9,77E-07
Truie Réforme, biologique, système numéro 2, à la ferme/FR U	Cull sow, organic, system number 2, at farm gate/FR U	Agricultural\Animal production\Procine\Transformation	4,632	25,47	1,44E-06	1,28E+00	8,03E-02	3,43E-06	2,57E-06	4,10E-08	5,28E-01	8,54E-03	3,92E-01	2,32E+00	8,57E+01	6,71E+03	1,46E+01	1,72E+00	9,39E-07
Truie Réforme, biologique, système numéro 3, à la ferme/FR U	Cull sow, organic, system number 3, at farm gate/FR U	Agricultural\Animal production\Procine\Transformation	2,198	9,38	4,59E-07	5,85E-01	2,99E-02	1,41E-06	2,05E-06	2,46E-08	2,15E-01	2,37E-03	1,41E-01	9,48E-01	2,62E+01	5,18E+03	9,06E+00	1,52E+00	7,88E-07
Truie Réforme, biologique, système numéro 4, à la ferme/FR U	Cull sow, organic, system number 4, at farm gate/FR U	Agricultural\Animal production\Procine\Transformation	7,846	51,35	1,19E-06	5,67E+00	8,06E-02	7,92E-06	6,02E-06	7,30E-08	1,16E+00	7,32E-03	3,52E-01	5,13E+00	9,71E+01	4,59E+03	2,81E+01	4,34E+01	3,31E-05
Truie Réforme, moyenne biologique, national, à la ferme/FR U	Cull sow, organic, national average, at farm gate/FR U	Agricultural\Animal production\Procine\Transformation	2,509	11,03	4,42E-07	6,06E-01	2,93E-02	1,69E-06	2,16E-06	2,77E-08	2,56E-01	3,01E-03	1,75E-01	1,12E+00	4,93E+01	5,69E+03	8,34E+00	1,67E+00	8,07E-07
Vache allaitante de réforme, biologique, vache allaitante système numéro 1, à la ferme/FR U	Suckler cull cow, organic, suckler cow system number 1, at farm gate/FR U	Agricultural\Animal production\Bovine\Transformation	1,580	17,58	2,48E-07	4,12E-01	2,62E-02	1,44E-06	8,11E-07	1,11E-08	2,18E-01	6,02E-04	3,82E-02	9,78E-01	1,81E+01	1,31E+03	1,61E+00	2,43E+01	1,24E-05
Vache allaitante de réforme, biologique, vache allaitante système numéro 2, à la ferme/FR U	Suckler cull cow, organic, suckler cow system number 2, at farm gate/FR U	Agricultural\Animal production\Bovine\Transformation	1,071	13,05	2,12E-07	2,17E-01	1,87E-02	9,61E-07	2,73E-07	5,22E-09	1,45E-01	5,15E-04	2,39E-02	6,48E-01	3,11E+01	9,74E+02	9,62E-01	1,91E+01	1,04E-05
Vache allaitante de réforme, biologique, vache allaitante système numéro 3, à la ferme/FR U	Suckler cull cow, organic, suckler cow system number 3, at farm gate/FR U	Agricultural\Animal production\Bovine\Transformation	1,797	18,71	2,82E-07	4,31E-01	2,47E-02	1,75E-06	4,06E-07	7,76E-09	2,62E-01	7,55E-04	6,37E-02	1,17E+00	2,28E+01	1,60E+03	6,44E+00	2,70E+01	1,42E-05
Vache allaitante de réforme, biologique, vache allaitante système numéro 4, à la ferme/FR U	Suckler cull cow, organic, suckler cow system number 4, at farm gate/FR U	Agricultural\Animal production\Bovine\Transformation	1,514	16,71	2,89E-07	4,13E-01	2,66E-02	1,52E-06	3,65E-07	6,75E-09	2,30E-01	5,64E-04	2,91E-02	1,03E+00	1,80E+01	1,34E+03	1,22E+00	2,73E+01	1,39E-05
Vache de réforme, biologique, système laitier de plaine, ensillage de maïs 5 à 10%, à la ferme/FR U	Cull cow, organic, lowland milk system, silage maize 5 to 10%, at farm gate/FR U	Agricultural\Animal production\Bovine\Transformation	0,961	9,85	2,04E-07	1,97E-01	1,47E-02	9,67E-07	1,89E-07	3,72E-09	1,45E-01	3,73E-04	4,06E-02	6,47E-01	1,17E+01	7,94E+02	1,36E+00	1,70E+01	9,40E-06
Vache de réforme, biologique, système numéro 1, à la ferme/FR U	Cull cow, organic, milk system number 1, at farm gate/FR U	Agricultural\Animal production\Bovine\Transformation	1,385	13,08	2,55E-07	2,34E-01	2,07E-02	1,61E-06	2,56E-07	5,33E-09	2,40E-01	4,11E-04	2,36E-02	1,07E+00	1,67E+01	1,17E+03	2,05E+00	1,93E+00	7,47E-07
Vache de réforme, biologique, système numéro 2, à la ferme/FR U	Cull cow, organic, milk system number 2, at farm gate/FR U	Agricultural\Animal production\Bovine\Transformation	1,679	13,37	2,75E-07	2,73E-01	2,44E-02	1,97E-06	6,15E-07	9,31E-09	2,94E-01	5,97E-04	3,31E-02	1,31E+00	2,02E+01	1,51E+03	2,46E+00	1,92E+00	1,14E-06
Vache de réforme, biologique, système numéro 3, à la ferme/FR U	Cull cow, organic, milk system number 3, at farm gate/FR U	Agricultural\Animal production\Bovine\Transformation	0,835	7,70	1,79E-07	1,54E-01	1,33E-02	9,98E-07	1,61E-07	2,78E-09	1,49E-01	2,28E-04	1,80E-02	6,68E-01	1,03E+01	5,52E+02	8,25E-01	2,13E+00	1,46E-06
Vache de réforme, biologique, système numéro 4, à la ferme/FR U	Cull cow, organic, milk system number 4, at farm gate/FR U	Agricultural\Animal production\Bovine\Transformation	1,086	11,15	1,75E-07	1,74E-01	1,37E-02	1,16E-06	2,13E-07	4,59E-09	1,73E-01	5,25E-04	2,26E-02	7,68E-01	1,35E+01	9,77E+02	1,35E+00	1,70E+01	9,40E-06
Vache de réforme, biologique, système numéro 5, à la ferme/FR U	Cull cow, organic, milk system number 5, at farm gate/FR U	Agricultural\Animal production\Bovine\Transformation	0,868	8,99	1,46E-07	1,58E-01	1,30E-02	8,44E-07	2,12E-07	4,21E-09	1,27E-01	4,61E-04	3,56E-02	5,66E-01	1,04E+01	7,11E+02	1,07E+00	2,05E+01	9,35E-06
